code_product;description;unidad;cantidad;code_categorie
0306009;GUANTES DE ALGODON CON PALMA DE GOMA                                                                ;PAR       ;7;0306
1206056;ADITIVO ANTICORROSIVO Y ANTI INCRUSTANTE PARA AGUA                                                  ;LTR       ;500;1206
1206071;ADITIVO ALCALINIZANTE PARA AGUA INTERNA                                                             ;LTR       ;500;1206
1206074;LIQUIDO DESINCRUSTANTE (1 LITRO)                                                                    ;FCO       ;44;1206
1206075;SHELLAC                                                                                             ;PTE       ;10;1206
1207013;SELLADOR SIKAFLEX 1 - A                                                                             ;TUB       ;5;1207
1306001;GASOLINA ESPECIAL                                                                                   ;LTR       ;300;1306
1306005;DIESEL                                                                                              ;LTR       ;1000;1306
1409001;TINTE LATEX AMARILLO OCRE (50 ML)                                                                   ;POM       ;48;1409
1409002;TINTE LATEX COLOR ROJO (50 ML)                                                                      ;POM       ;14;1409
1409003;TINTE LATEX COLOR NEGRO (50 ML)                                                                     ;POM       ;18;1409
1409004;TINTE LATEX COLOR AZUL (50 ML)                                                                      ;POM       ;4;1409
1602030;CLEFA (CADA LATA DE 18 LITROS)                                                                      ;LTA       ;1;1602
1602031;SILICONA TRANSPARENTE                                                                               ;TUB       ;5;1602
1602033;SILICONA DE ALTA TEMPERATURA                                                                        ;POM       ;4;1602
1602034;SILICONA COLOR NEGRO                                                                                ;TUB       ;1;1602
1602039;SILICONA ROJA                                                                                       ;PZA       ;8;1602
2012002;RAMPLUG N° 6                                                                                        ;UNI       ;59;2012
2023155;"UNION UNIVERSAL DE PVC DE 1/2""                                                                      ";PZA       ;5;2023
2023156;"NIPLE HEXAGONAL DE PVC DE 1/2""                                                                      ";PZA       ;10;2023
2023157;"CAÑERIA DE PVC DE 1/2""                                                                              ";BRR       ;8;2023
2023158;EMPAQUETADURA  ANCHOR (SELLO ANTIFUGA DE GOMA PARA INODOROS)                                        ;PZA       ;30;2023
2023159;SIFON DE PVC PARA LAVAMANOS                                                                         ;PZA       ;10;2023
2023160;CALAMINA PLASTICA (240 X 80 CM.)                                                                    ;UNI       ;2;2023
2023162;"CAJA PLASTICA 2 X 4"" P/SOBREPONER                                                                   ";PZA       ;20;2023
2025004;"CODO DE PVC DE 90 X 3"" TIPO SDR 35                                                                  ";PZA       ;5;2025
2026005;"TUBERIA DE PVC DE 3""                                                                                ";BRR       ;2;2026
2101014;"ABRAZADERA PARA TUBO DE 3/4""                                                                        ";PZA       ;200;2101
2116001;BRAZO HIDRAULICO                                                                                    ;PZA       ;7;2116
2118031;"CODO DE COBRE DE 3/4""                                                                               ";PZA       ;10;2118
2118034;"CODO DE COBRE HIBRIDA ROSCA Y LIZA DE 3/4""                                                          ";PZA       ;10;2118
2126017;"LLAVE DE PASO ""FV"" DE 1/2""                                                                          ";PZA       ;1;2126
2126023;"LLAVE DE PASO DE 1/2""                                                                               ";PZA       ;20;2126
2126024;"LAVE DE PASO DE 3/4"" EN BRONCE PARA 150 PSI DE PRESION                                              ";PZA       ;18;2126
2142024;"TUBO DE PLOMO DE 2""                                                                                 ";BRR       ;1;2142
2143015;"UNION UNIVERSAL DE COBRE DE 3/4""                                                                    ";PZA       ;10;2143
2149013;CANALETA DE CALAMINA PLANA CORTE 85                                                                 ;MTS       ;9;2149
2153003;CHICOTILLO RIGIDO CROMADO DE 40 CM.                                                                 ;PZA       ;39;2153
2159011;LLAVES EN BLANCO                                                                                    ;PZA       ;175;2159
2162150;SOLDADURA DE ESTAÑO                                                                                 ;BRR       ;17;2162
2162164;KIT DE REPARACION A-1038-A 3,5 GPF (DIAFRAGMA DE FLUXOR O FLUXOMETRO)                               ;UNI       ;15;2162
2162165;"SIFON DE PLOMO DE 2""                                                                                ";PZA       ;10;2162
2162169;BARRA DE CONEXION A TIERRA 10 PERNOS                                                                ;PZA       ;11;2162
2170001;GRIFERIA MEZCLADORA DE MESON PARA LAVAMANOS DE PICO LARGO                                           ;PZA       ;32;2170
2170002;GRIFO LLAVE FINAL CON CUELLO LARGO Y CON PITON PARA MANGUERA                                        ;PZA       ;5;2170
2170003;GRIFO LLAVE FINAL CROMADO PARA LAVAMANOS PICO LARGO                                                 ;PZA       ;10;2170
2906153;CABLE MONOPOLAR DE CU MULTIFILAR 25 MM2                                                             ;MTS       ;100;2906
2906154;CABLE MONOPOLAR DE CU MULTIFILAR 16 MM2                                                             ;MTS       ;293;2906
2906159;CABLE FLEXIBLE 4MM COLOR NEGRO MULTIFILAR                                                           ;MTS       ;20;2906
2906168;CABLE BIPOLAR AWG N° 16                                                                             ;ML        ;470;2906
2906169;CABLE MONOPOLAR DE CU MULTIFILAR 2.5 MM2.                                                           ;ML        ;482;2906
2907038;CONTACTOR 7.5 KW 34A PAK-20J                                                                        ;PZA       ;1;2907
2907044;CONECTOR PP 2AWG                                                                                    ;PZA       ;4;2907
2914081;FOCO CLARO INCANDECENTE E-27 DE 60 W 220 V                                                          ;PZA       ;244;2914
2914083;FOCO AHORRADOR MINI ESPIRAL DE 19 W/E27, LUZ 2700 K/IRC80/8000 HRS 220-240 V/1100                   ;PZA       ;154;2914
2914086;FOCO AHORRADOR MINI ESPIRAL DE 12W/E27                                                              ;PZA       ;189;2914
2916001;PORTA FUSIBLE GRANDE                                                                                ;PZA       ;6;2916
2917002;RELE DE IMPULSO CAP. 16AMP/230V                                                                     ;PZA       ;15;2917
2919029;INTERRUPTOR TERMOMAGNETICO  TRIFASICO 40A/10KA/50HZ/230V                                            ;PZA       ;10;2919
2919030;INTERRUPTOR TERMOMAGNETICO  TRIFASICO 32A/10KA/50HZ/230V                                            ;PZA       ;7;2919
2919031;INTERRUPTOR TERMOMAGNETICO  TRIFASICO 20A/10KA/50HZ/230V                                            ;PZA       ;9;2919
2920014;LAMPARA DICROICO MR16/GU10 50 W 230V                                                                ;PZA       ;30;2920
2924018;PILAS ALCALINAS AA                                                                                  ;PZA       ;141;2924
2925019;REACTANCIA ELECTRONICA 2 X 40                                                                       ;PZA       ;10;2925
2925023;REACTANCIA ELECTRONICA 2.20 W/220 - 240 V.                                                          ;PZA       ;3;2925
2925024;REACTANCIA ELECTRONICA 1X40 W/220 - 240 V.                                                          ;PZA       ;25;2925
2933025;TUBO FLUORESCENTE T10 O T12, 40W/220V/STANDART/LUZ BLANCA                                           ;PZA       ;233;2933
2933026;TUBO FLUORESCENTE T10 O T12, 20W/220V/STANDART/LUZ BLANCA                                           ;PZA       ;375;2933
2936004;DUCHAS ELECTRICAS 4500 - 5500W - TENSION 220V                                                       ;PZA       ;7;2936
2936005;DUCHAS ELECTRICAS 5500 - 6800W - TENSION 220V                                                       ;PZA       ;2;2936
2937002;FLOTADOR ELECTRICO MAC-3                                                                            ;UNI       ;1;2937
2940006;SOQUET SOBREPUESTO                                                                                  ;PZA       ;6;2940
2941004;FUSIBLE CERAMICA 32A AMP 600V                                                                       ;PZA       ;3;2941
2942085;CORTAPICO                                                                                           ;UNI       ;4;2942
2942196;"PLACA MODULAR INTERRUPTOR UNIPOLAR 2X4"" 16A/250V                                                    ";PZA       ;25;2942
2942198;"PLACA MODULAR MIXTA INTERRUPTOR MONOPOLAR 2X4"" 16A/250V                                             ";PZA       ;25;2942
2942199;"PLACA MODULAR TOMACORRIENTE DOBLE NEMA 2X4"" 10A/250V                                                ";PZA       ;22;2942
2942201;"PLACA MODULAR TOMACORRIENTE SIMPLE SCHUKO 2X4"" 16A/250V                                             ";PZA       ;20;2942
2942202;CLAVIJA NEMA 10A/250V                                                                               ;PZA       ;18;2942
2942203;CLAVIJA P/TOMACORRIENTE SCHUKO 16A/250V                                                             ;PZA       ;20;2942
2942208;TERMOMAGNETICO CLASE C 16A/1PO/10KA DE PODER DE CORTE RIEL DIN                                      ;PZA       ;17;2942
2942209;TERMOMAGNETICO CLASE C 20A/1PO/10K DE PODER DE CORTE RIEL DIM                                       ;PZA       ;24;2942
2942210;TERMOMAGNETICO CLASE C 32A/1PO/10KA DE PODER DE CORTE RIEL DINV                                     ;PZA       ;39;2942
2942211;TERMOMAGNETICO CLASE C 40A/1PO/10KA DE PODER DE CORTE  RIEL DIN                                     ;PZA       ;30;2942
2942212;TERMOMAGNETICO CLASE C 40A/3PO/10 KA DE PODER DE CORTE RIEL DIN                                     ;PZA       ;9;2942
2942213;TERMOMAGNETICO CLASE C 50A/3PO/10KA DE PODER DE CORTE RIEL DIN                                      ;PZA       ;6;2942
2942214;TERMOMAGNETICO CLASE C 63A/3PO/10KA DE PODER DE CORTE RIEL DIN                                      ;PZA       ;5;2942
2942216;FOTOCELULA DE 1000 VA 220V                                                                          ;PZA       ;3;2942
2942218;IGNITOR ELT 944V300 50/70W                                                                          ;PZA       ;5;2942
2942219;CONDENSADOR TRABAJO RT12 250 VA                                                                     ;PZA       ;5;2942
2942228;CONTACTOR ELECTRICO (5,5 KW/380 VAC/50-60 HZ/1CTO NA/DILM12-10)                                     ;PZA       ;12;2942
2942229;CONTACTO AUXILIAR PARA CONTACTOR ELECTRICO MONTAJE FRONTAL 1NA/1NC DILM32-X                         ;PZA       ;12;2942
2942231;PULSADOR PARA TIMBRE DE SOBREPONER                                                                  ;PZA       ;6;2942
2942245;PORTA INDICADOR DE PULSADOR DOBLE                                                                   ;PZA       ;3;2942
2942246;INDICADOR 18X27 MM                                                                                  ;PZA       ;3;2942
2942263;"PLACA MODULAR TOMACORRIENTE DOBLE NEMA SOBREPUESTO 2X4"" 10A/250V                                    ";PZA       ;61;2942
2942264;TERMINAL OJAL 25 MM2                                                                                ;PZA       ;87;2942
2942276;CONECTOR ELECTRICO REGLETA 20 MM2. 30 AMP.                                                          ;PZA       ;8;2942
2946014;CABLE DUCTO 20 MM2 X 2MTS                                                                           ;PZA       ;6;2946
2946015;CABLE DUCTO 20X15MM C/ADHESIVO X2MTS                                                                ;PZA       ;64;2946
3131223;BROCHA Nº 2                                                                                         ;PZA       ;2;3131
3131289;ESTAÑO 1/4 KG X 0,8 MM                                                                              ;ROL       ;1;3131
3131291;EMPAQUE (CLINGERITA)                                                                                ;HJA       ;0,5;3131
3208056;"EMPAQUE AISLANTE DE 2"" S150                                                                         ";PZA       ;2;3208
9943001;ALAMBRE DE AMARRE                                                                                   ;KLO       ;13;9943
9943002;BROCHA CON MANGO DE MADERA GRANDE                                                                   ;UNI       ;4;9943
9943006;CLAVO DE CALAMINA                                                                                   ;KLO       ;9;9943
9943007;CLAVO DE CONSTRUCCION DE 2 PUL                                                                      ;KLO       ;30;9943
9943008;CLAVO DE CONSTRUCCION DE 1 1/2 PUL                                                                  ;KLO       ;29;9943
9943009;CLAVO DE CONSTRUCCION DE 1 PUL                                                                      ;KLO       ;6;9943
9943010;CLAVO DE CONSTRUCCION DE 1/2 PUL                                                                    ;KLO       ;28;9943
9943011;CLAVO DE CONSTRUCCION DE 2 1/2 PUL                                                                  ;KLO       ;19;9943
9943012;CLAVO DE CONSTRUCCION DE 3 PUL                                                                      ;KLO       ;24;9943
9943013;CLAVO DE CONSTRUCCION DE 4 PUL                                                                      ;KLO       ;50;9943
9943015;MALLA MILIMETRICA                                                                                   ;MTS       ;1;9943
9943016;LIJA DE MADERA #150                                                                                 ;HJA       ;7;9943
9943017;LIJA DE MADERA #60                                                                                  ;HJA       ;4;9943
9943018;MANGO DE RODILLO DE PINTAR                                                                          ;PZA       ;5;9943
9943019;PERCIANA REPUESTO CADENA DE MANDO                                                                   ;MTS       ;380;9943
9943020;PERCIANA REPUESTO CADENA DELGADA SEPARADOR                                                          ;MTS       ;246;9943
9943021;PERCIANA REPUESTO CARRITOS ARISTA                                                                   ;PZA       ;1733;9943
9943022;PERCIANA REPUESTO CONTROL DE PIÑON                                                                  ;PZA       ;19;9943
9943023;PERCIANA REPUESTO CONTROL IZQUIERDO                                                                 ;PZA       ;116;9943
9943024;PERCIANA REPUESTO SEPARADOR DE HOJAS                                                                ;PZA       ;1259;9943
9943025;PERCIANA REPUESTO CONTROL DERECHO                                                                   ;PZA       ;69;9943
9943026;PINTURA BLANCA SINTETICA (3,5 LITROS)                                                               ;GAL       ;3;9943
9943027;PINTURA COLOR AMARILLO SINTETICO (3,5 LITROS)                                                       ;GAL       ;5;9943
9943028;PINTURA COLOR NEGRO SINTETICO (3,5 LITROS)                                                          ;GAL       ;5;9943
9943029;PINTURA COLOR ROJO SINTETICA (3,5 LITROS)                                                           ;GAL       ;8;9943
9943031;PINTURA LATEX COLOR CONCRETO AL AGUA (18 LITROS)                                                    ;BLD       ;6;9943
9943032;PINTURA LATEX COLOR OCRE AL AGUA (18 LITROS)                                                        ;BLD       ;1;9943
9943033;PINTURA COLOR HUESO (3,5 LITROS)                                                                    ;GAL       ;4;9943
9943034;PLASTOFORMO 100 X 50 X 3 CM                                                                         ;HJA       ;3;9943
9943036;RAMPLU PLASTICO #8                                                                                  ;UNI       ;522;9943
9943037;RAMPLU DE PLASTICO #10                                                                              ;UNI       ;491;9943
9943038;RODILLO DE PINTAR MARCA TIGRE                                                                       ;UNI       ;16;9943
9943040;TINTE COLOR MOSTAZA UNIVERSAL                                                                       ;POM       ;9;9943
9943041;TINTE COLOR NEGRO UNIVERSAL                                                                         ;POM       ;7;9943
9943042;TINTE COLOR ROJO UNIVERSAL                                                                          ;POM       ;12;9943
9943043;VINIL PARA PISO                                                                                     ;UNI       ;308;9943
9943044;CERAMICA PARA PISO DE 30 X 30                                                                       ;UNI       ;68;9943
9943045;PINTURA VERDE AL DUCO SINTETICO (3,5 LITROS)                                                        ;GAL       ;9;9943
9943047;PINTURA ANTICORROSIVA CAOBA (18 LITROS)                                                             ;BLD       ;6;9943
9943048;RODILLO DE PINTAR MARCA TIGRE DE 10 CTM                                                             ;PZA       ;1;9943
9943049;PINTURA SINTETICA COLOR AZUL (3,5 LITROS)                                                           ;GAL       ;2;9943
9943050;CEMENTO ESTANDAR DE 50 KG                                                                           ;BOL       ;10;9943
9944002;ANILLA DE GOMA P/UNION DE TUBOS 100 X100                                                            ;PZA       ;16;9944
9944004;CHICOTILLO FIJO CROMADO DE LAVA MANOS                                                               ;PZA       ;9;9944
9944005;CODO DE FIERRO NEGRO DE 2 PUL                                                                       ;PZA       ;3;9944
9944006;CODO DE BRONCE DE 2 3/4 PUL                                                                         ;PZA       ;3;9944
9944007;CODO DE BRONCE DE 1 PUL                                                                             ;PZA       ;5;9944
9944008;CODO GALVANIZADO DE 1 1/4 PUL                                                                       ;PZA       ;15;9944
9944009;CODO GALVANIZADO DE 1 PUL                                                                           ;PZA       ;1;9944
9944010;CODO GALVANIZADO DE 1/2 PUL                                                                         ;PZA       ;47;9944
9944011;CODO GALVANIZADO DE 3/4 PUL                                                                         ;PZA       ;44;9944
9944012;CODO PLASTICO PVC DE 2 PUL                                                                          ;PZA       ;29;9944
9944013;CODO PLASTICO DE 3 PUL                                                                              ;PZA       ;9;9944
9944014;CODO GALVANIZADO DE 2 1/2 PUL                                                                       ;PZA       ;4;9944
9944015;CODO GALVANIZADO DE 2 PUL                                                                           ;PZA       ;10;9944
9944016;COPLA GALVANIZADO DE 1/2 PUL                                                                        ;PZA       ;49;9944
9944017;COPLA GALVANIZADO DE 2 PUL                                                                          ;PZA       ;11;9944
9944018;COPLA GALVANIZADO DE 3 PUL                                                                          ;PZA       ;3;9944
9944019;COPLA GALVANIZADO DE 1 PUL                                                                          ;PZA       ;10;9944
9944020;COPLA GALVANIZADO DE 3/4 PUL                                                                        ;PZA       ;38;9944
9944021;COPLA DE BRONCE DE 1 PUL                                                                            ;PZA       ;5;9944
9944022;COPLA GALVANIZADO DE 1 1/4 PUL                                                                      ;PZA       ;28;9944
9944023;FLOTADOR DE TANQUE DE AGUA                                                                          ;PZA       ;1;9944
9944024;GOMA DE REGISTRO PARA CAJA SIFONADA                                                                 ;PZA       ;177;9944
9944025;GOMA PARA VALVULA DE EJE CENTRAL                                                                    ;PZA       ;470;9944
9944026;INODOROS COMPLETOS CON TANQUE                                                                       ;PZA       ;1;9944
9944027;LLAVE DE PASO DE 3/4 TIPO T - 124                                                                   ;PZA       ;13;9944
9944028;LLAVE DE PASO DE 1 1/4 MOD. 7 - 124                                                                 ;PZA       ;1;9944
9944029;LLAVE DE PASO DE BRONCE DE 2 1/2 PUL                                                                ;PZA       ;4;9944
9944030;LLAVE DE PASO DE 1 PUL S-124                                                                        ;PZA       ;9;9944
9944031;LLAVE DE PASO DE 1 PUL S-211-Y                                                                      ;PZA       ;3;9944
9944032;LLAVE DE PASO DE 1 PUL T-124                                                                        ;PZA       ;12;9944
9944033;EMPAQUETADURA PARA CHICOTILLO                                                                       ;PZA       ;110;9944
9944034;LLAVE DE PASO DE 2 PUL T-124                                                                        ;PZA       ;4;9944
9944035;LLAVE DE PASO DE 3/4 FV                                                                             ;PZA       ;6;9944
9944037;LLAVE DE RETENCION AGUA CALIENTE BRONCE REDONDO DE 1 PUL                                            ;PZA       ;3;9944
9944038;LLAVE DE PASO FV DE 1 PUL                                                                           ;PZA       ;5;9944
9944040;LLAVE MESCLADORA DE 1/2 X 4 MEZON DE 20 MS 4503000                                                  ;PZA       ;3;9944
9944041;LLAVE VALVULA PARA URINARIO COD. 3012600                                                            ;PZA       ;2;9944
9944042;LLAVE MESCLADORA P/LAVAPLATO D/PARED 409 / 61P                                                      ;PZA       ;1;9944
9944044;NIPLE GAL. DE 1 1/4 PUL 18 CM DE LARGO                                                              ;PZA       ;2;9944
9944045;NIPLE GAL. DE 1/2 PUL X 4 CM DE LARGO                                                               ;PZA       ;30;9944
9944046;NIPLE GAL. DE 1 1/4 PUL X 10 CM DE LARGO                                                            ;PZA       ;22;9944
9944047;NIPLE GAL. DE 1 1/4 PUL X 6,5 CM DE LARGO                                                           ;PZA       ;15;9944
9944048;NIPLE GAL. DE 1 1/2 PUL X 11 CM DE LARGO                                                            ;PZA       ;16;9944
9944049;NIPLE GAL. DE 1 1/4 PUL X 6 CM DE LARGO                                                             ;PZA       ;30;9944
9944050;NIPLE GAL. 1 1/4 X 7,5 CM DE LARGO                                                                  ;PZA       ;25;9944
9944051;NIPLE GAL. DE 1 1/4 X 9 CM DE LARGO                                                                 ;PZA       ;9;9944
9944052;NIPLE GAL. DE 1 PUL X 12 CM DE LARGO                                                                ;PZA       ;29;9944
9944053;NIPLE GAL. DE 1 1/4 PUL X 4 CM DE LARGO                                                             ;PZA       ;25;9944
9944054;NIPLE GAL. DE 1 PUL X 5 CM DE LARGO                                                                 ;PZA       ;23;9944
9944055;NIPLE GAL. DE 1 PUL X 9,5 CM DE LARGO                                                               ;PZA       ;8;9944
9944056;NIPLE GAL. DE 1 PUL X 9 CM DE LARGO                                                                 ;PZA       ;21;9944
9944057;NIPLE GAL. DE 1 PUL X 10 CM DE LARGO                                                                ;PZA       ;17;9944
9944058;NIPLE GAL. DE 1 PUL X 11,5 CM DE LARGO                                                              ;PZA       ;55;9944
9944059;NIPLE GAL. DE 1/2 PUL X 11 CM DE LARGO                                                              ;PZA       ;23;9944
9944060;NIPLE GAL. DE 1/2 PUL X 4,5 CM DE LARGO                                                             ;PZA       ;31;9944
9944061;NIPLE GAL. DE 1/2 PUL X 7 CM DE LARGO                                                               ;PZA       ;21;9944
9944062;NIPLE GAL. DE 1/2 PUL X 8 CM DE LARGO                                                               ;PZA       ;23;9944
9944063;NIPLE GAL. DE 1/2 PUL X 9 CM DE LARGO                                                               ;PZA       ;25;9944
9944064;NIPLE GAL. DE 1/2 X 10 CM DE LARGO                                                                  ;PZA       ;23;9944
9944065;NIPLE GAL. DE 1/2 PUL X 7,5 CM DE LARGO                                                             ;PZA       ;17;9944
9944066;NIPLE GAL. DE 1/2 X 8,5 CM DE LARGO                                                                 ;PZA       ;28;9944
9944067;NIPLE GAL. DE 1/2 PUL X 9,5 CM DE LARGO                                                             ;PZA       ;30;9944
9944068;NIPLE GAL. DE 3/4 PUL X 8 CM DE LARGO                                                               ;PZA       ;2;9944
9944069;NIPLE GAL. DE 1 PUL X 7 CM DE LARGO                                                                 ;PZA       ;41;9944
9944070;NIPLE GAL. DE 1 PUL X 7,5 CM DE LARGO                                                               ;PZA       ;50;9944
9944071;NIPLE GAL. DE 1 PUL X 6 CM DE LARGO                                                                 ;PZA       ;28;9944
9944072;NIPLE GAL. DE 1 1/4 PUL X 11 CM DE LARGO                                                            ;PZA       ;42;9944
9944073;NIPLE GAL. DE 1 1/4 PUL X 7 CM DE LARGO                                                             ;PZA       ;13;9944
9944074;NIPLE GAL. DE 1/2 PUL X 5 CM DE LARGO                                                               ;PZA       ;21;9944
9944075;FLUXOMETRO EXPUESTO CODIGO # 111                                                                    ;PZA       ;34;9944
9944076;FLUXOMETRO OCULTO CODIGO # 190 1,5                                                                  ;PZA       ;4;9944
9944079;PERNO SOPORTE DE INODORO 1/4 X 2 1/4 PUL                                                            ;PZA       ;11;9944
9944080;REDUCCION DE 1 1/4 PUL A 1 PUL                                                                      ;PZA       ;17;9944
9944081;REDUCCION GAL. DE 1 PUL A 1 3/4 PUL                                                                 ;PZA       ;9;9944
9944082;REDUCCION DE 3/4 PUL A 1/2 PUL                                                                      ;PZA       ;56;9944
9944083;REDUCCION DE PLASTICO DE 4 PUL A 2 PUL                                                              ;PZA       ;1;9944
9944084;REDUCCION GAL. DE 2 1/2 PUL A 1 1/2 PUL                                                             ;PZA       ;2;9944
9944085;REJILLA CROMADO PARA CAJA SIFONADA                                                                  ;PZA       ;28;9944
9944086;REJILLA DE LAVA PLATO                                                                               ;PZA       ;16;9944
9944087;TAPA SUELTA DE INODORO                                                                              ;PZA       ;1;9944
9944088;TAPA VALVULA DE PLASTICO A-71                                                                       ;PZA       ;122;9944
9944089;TEE GAL. DE 1 1/4 PUL                                                                               ;PZA       ;3;9944
9944090;TEE GAL. DE 1/2 PUL                                                                                 ;PZA       ;5;9944
9944091;TEE GAL. DE 3/4 PUL                                                                                 ;PZA       ;20;9944
9944092;"NIPLE GAL. DE 1 1/2"" X 12 CTM DE LARGO                                                              ";PZA       ;9;9944
9944093;UNION UNIVERSAL DE 1 1/4 PUL DE FIERRO NEGRO                                                        ;PZA       ;4;9944
9944094;UNION UNIVERSAL GAL. DE 1 1/4 PUL                                                                   ;PZA       ;7;9944
9944095;UNION UNIVERSAL GAL. DE 1 PUL                                                                       ;PZA       ;11;9944
9944096;UNION UNIVERSAL DE 1 PUL DE FIERRO NEGRO                                                            ;PZA       ;5;9944
9944097;UNION UNIVERSAL GAL. DE 1/2 PUL                                                                     ;PZA       ;17;9944
9944098;UNION UNIVERSAL DE BRONCE DE 1 PUL                                                                  ;PZA       ;2;9944
9944099;UNION UNIVERSAL GAL. DE 2 1/2 PUL                                                                   ;PZA       ;3;9944
9944100;UNION UNIVERSAL GAL. DE 2 PUL                                                                       ;PZA       ;8;9944
9944101;UNION UNIVERSAL GAL. DE 3/4 PUL                                                                     ;PZA       ;11;9944
9944102;SUMIDERO DE TEFLON PARA LAVAMANO                                                                    ;PZA       ;127;9944
9944103;GOMA P/VALVULA DE INODORO DE EJE CENTRAL                                                            ;PZA       ;166;9944
9944104;VALVULA CON PLASTICO V-551-A  V-101-A                                                               ;PZA       ;10;9944
9944105;"VALVULA DE RETENCION DE 3"" VERTICAL                                                                 ";PZA       ;1;9944
9944106;"VALVULA DE RETENCION DE 3"" HORIZONTAL                                                               ";PZA       ;2;9944
9944107;JUEGO REPARACION DE TOPE DE CONTROL H-541 A                                                         ;PZA       ;57;9944
9944108;VARILLA DE BRONCE PARA SOLDAR                                                                       ;BRR       ;8;9944
9944109;JUEGO VALVULA B-51-A (PNDLE REPAIR KIT)                                                             ;PZA       ;2;9944
9944110;CODO GALVANIZADO DE 1 1/2 PUL                                                                       ;PZA       ;14;9944
9944111;MANGUERA REFORZADA P/BOMBA DE 4 PUL                                                                 ;MTS       ;18,7;9944
9944112;SODA CAUSTICA CONCENTRADA                                                                           ;KLO       ;25;9944
9944113;REDUCCION GAL. DE 1 PUL A 1/2 PUL                                                                   ;PZA       ;2;9944
9944114;NIPLE EXAGONAL DE 1/2 PUL                                                                           ;PZA       ;7;9944
9944115;UNION UNIVERSAL DE 1 1/2 PUL                                                                        ;PZA       ;6;9944
9944116;NIPLE GAL. DE 1 1/2 X 14 CM DE LARGO                                                                ;PZA       ;9;9944
9944117;NIPLE GAL. DE 1 1/2 X 32 CM DE LARGO                                                                ;PZA       ;8;9944
9944118;NIPLE DE 1 1/4 PUL 15 CM DE LARGO                                                                   ;PZA       ;12;9944
9944119;NIPLE GAL. DE 3/4 PUL DE 12  DE LARGO                                                               ;PZA       ;10;9944
9944120;NIPLE GAL. DE 1 PUL X 14 CM DE LARGO                                                                ;PZA       ;9;9944
9944121;NIPLE EXAGONAL DE 1 PUL                                                                             ;PZA       ;8;9944
9944122;NIPLE GAL. DE 3/4 X 15 DE LARGO                                                                     ;PZA       ;1;9944
9944123;NIPLE GAL. DE 1 PUL DE 16 CM DE LARGO                                                               ;PZA       ;15;9944
9944125;TAPON HEMBRA DE 1/2 PUL                                                                             ;PZA       ;1;9944
9944126;TAPON MACHO GAL. DE 3/4 PUL                                                                         ;PZA       ;11;9944
9944127;TAPON HEMBRA GAL. DE 3/4 PUL                                                                        ;PZA       ;13;9944
9944128;TAPON MACHO GAL. DE 1 PUL                                                                           ;PZA       ;12;9944
9944129;TAPON HEMBRA GAL. DE 1 PUL                                                                          ;PZA       ;15;9944
9944130;TAPON MACHO DE 2 PUL                                                                                ;PZA       ;6;9944
9944131;TAPON HEMBRA GAL. DE 2 PUL                                                                          ;PZA       ;4;9944
9944132;TAPON MACHO GAL. DE 2 1/2 PUL                                                                       ;PZA       ;7;9944
9944133;TAPON HEMBRA GAL. DE 2 1/2 PUL                                                                      ;PZA       ;7;9944
9944134;TAPON MACHO GAL. DE 3 PUL                                                                           ;PZA       ;2;9944
9944135;TAPON HEMBRA GAL. DE 3 PUL                                                                          ;PZA       ;2;9944
9944136;NIPLE EXAGONAL DE 3/4 PUL                                                                           ;PZA       ;10;9944
9944137;COPLA GAL. DE 1 PUL A 3/4 PUL                                                                       ;PZA       ;14;9944
9944138;"REDUCCION PVC DE 3"" A 2""                                                                            ";PZA       ;7;9944
9944139;VALVULA DE RETENCION DE 1 1/2 PUL BRONCE                                                            ;PZA       ;1;9944
9944140;"TEE GAL. DE 1 1/2""                                                                                  ";PZA       ;6;9944
9944141;ANILLA DE GOMA PARA URINARIO                                                                        ;PZA       ;3;9944
9944142;NIPLE GAL. 1 1/4 PUL. X 8 CM DE LARGO                                                               ;PZA       ;8;9944
9944143;MEZCLADORA DE MESON PARA LAVAMANOS                                                                  ;PZA       ;2;9944
9944144;MEZCLADORA DE MESON TIPO MONOBLOC PARA LAVAMANOS                                                    ;PZA       ;4;9944
9944145;MEZCLADORA DE MESON MONOBLOK CUELLO DE GANZO P/LAVAPLATOS                                           ;PZA       ;9;9944
9944146;MEZCLADORA DE PARED CUELLO DE GANZO P/LAVAPLATOS (EJE 20 CM)                                        ;PZA       ;7;9944
9944147;MEZCLADORA DE MESON CUELLO DE GANZO (DOS ORIFICIOS EJE 20 CM)                                       ;PZA       ;3;9944
9944148;CAÑERIA DE FG DE 1 1/2 PUL                                                                          ;PZA       ;3;9944
9944150;REDUCCION FG TIPO BUJE DE 1 1/2 PUL A 1 PUL                                                         ;PZA       ;3;9944
9944151;REDUCCION FG TIPO BUJE DE 1 PUL A 3/4 PUL                                                           ;PZA       ;4;9944
9944153;TEE DE FG DE 1 PUL                                                                                  ;PZA       ;3;9944
9944154;FLOTADOR DE 2 1/2 PUL                                                                               ;PZA       ;2;9944
9944155;TAPON FG TIPO MACHO DE 1 1/2 EN FG                                                                  ;PZA       ;3;9944
9944156;TAPON FG TIPO HEMBRA DE 1 1/2 PUL EN FG                                                             ;PZA       ;10;9944
9944157;TUBO DE COBRE DE 3/8 DE DIAMETRO                                                                    ;PZA       ;15;9944
9944159;COPLA DE COBRE DE 3/4 PUL                                                                           ;PZA       ;5;9944
9944160;CODO DE COBRE DE 3/4 DE PUL                                                                         ;PZA       ;2;9944
9944161;CODO DE COBRE HIBRIDA ROSCA Y LIZA DE 3/4 PUL                                                       ;PZA       ;2;9944
9944162;UNION UNIVERSAL DE COBRE DE 3/4 PUL                                                                 ;PZA       ;2;9944
9944164;SIFON DE PVC DE 2 PUL E=40 PARA LAVAPLATOS                                                          ;PZA       ;15;9944
9944165;EMPAQUETADURA ANCHOR (SELLO ANTI FUGA P/INODORO)                                                    ;PZA       ;24;9944
9944166;CODO DE PVC E=40 FR 2 1/2 PUL                                                                       ;PZA       ;5;9944
9944167;TUBO DE PVC E=40 DE 2 PUL                                                                           ;BRR       ;2;9944
9944168;TUBO DE PVC E=40 DE 2 1/2 PUL                                                                       ;BRR       ;2;9944
9944169;REDUCCION DE PVC E=40 DE 2 1/2 A 2 PUL                                                              ;PZA       ;5;9944
9944170;CINTA TEFLON DE 3/4                                                                                 ;PZA       ;559;9944
9944172;NIPLE HEXAGONAL DE FG DE 1/2 PUL                                                                    ;PZA       ;11;9944
9944173;NIPLE HEXAGONAL DE FG DE 3/4 PUL                                                                    ;PZA       ;11;9944
9944174;NIPLE HEXAGONAL DE FG DE 1 PUL                                                                      ;PZA       ;12;9944
9944175;NIPLE HEXAGONAL DE FG DE 1 1/4 PUL                                                                  ;PZA       ;7;9944
9944176;NIPLE HEXAGONAL DE FG DE 1 1/2 PUL                                                                  ;PZA       ;6;9944
9944177;NIPLE HEXAGONAL DE FG DE 2 1/2 PUL                                                                  ;PZA       ;3;9944
9944178;NIPLE HEXAGONAL DE FG DE 3 PUL                                                                      ;PZA       ;2;9944
9944179;"CAÑERIA FG DE 1/2""                                                                                  ";BRR       ;4;9944
9944180;"CAÑERIA FG DE 1 1/4""                                                                                ";BRR       ;6;9944
9944181;"CAÑERIA FG DE 3/4""                                                                                  ";BRR       ;11;9944
9944182;"CAÑERIA FG DE 1""                                                                                    ";PZA       ;11;9944
9944183;"CAÑERIA FG DE 2""                                                                                    ";BRR       ;1;9944
9944184;"CAÑERIA FG DE 3""                                                                                    ";BRR       ;3;9944
9944185;SIFON DOBLE FOSO DE 1 PUL                                                                           ;PZA       ;4;9944
9945001;ANTI CONGELANTE PARA GRUPO GENERADOR                                                                ;GAL       ;6;9945
9945002;ARRANCADOR DE 20 W 220 VOL.                                                                         ;PZA       ;53;9945
9945004;REACTOR COMPLETO P/FOCO SODIO DE 230 V. 70 W.                                                       ;UNI       ;12;9945
9945005;BALASTRO DE 230 V. 125 A                                                                            ;UNI       ;4;9945
9945006;CABLE BAJO GOMA DE 3 X 12                                                                           ;MTS       ;102,5;9945
9945008;CABLE BIPOLAR # 2 X 10                                                                              ;MTS       ;98;9945
9945009;CABLE BIPOLAR # 2 X 12                                                                              ;MTS       ;24;9945
9945011;CABLE MONOPOLAR # 8                                                                                 ;MTS       ;337;9945
9945012;CABLE MONOPOLAR # 16                                                                                ;MTS       ;6;9945
9945014;CABLE BAJO GOMA DE 3 X 14                                                                           ;MTS       ;178;9945
9945015;CABLE MONOPOLAR SILICONADO # 14                                                                     ;MTS       ;201;9945
9945016;CAJA CONTROL DE CIRCUITO P/MOTOR 3 FASES                                                            ;PZA       ;1;9945
9945018;CAJA DE PLASTICO Y METALICO DE CONEXION                                                             ;PZA       ;23;9945
9945021;CLAVIJA TIPO NEMA CON TIERRA                                                                        ;PZA       ;30;9945
9945022;CLAVIJA TIPO NEMA PARA CORRIENTE REGULADA                                                           ;PZA       ;47;9945
9945023;CODO METALICO P/DUCTO CABLEADO                                                                      ;PZA       ;10;9945
9945024;CONDENSADOR DE 4,5 MICROFARADIOS                                                                    ;UNI       ;34;9945
9945025;CONTACTOR DE 220 V. 90 A                                                                            ;PZA       ;4;9945
9945026;DICROICO COMPLETO DE PARED GU 10 BRONCE                                                             ;PZA       ;14;9945
9945027;TOMA CORRIENTE DOBLE TIPO NEMA P/CORRIENTE REGULADA                                                 ;UNI       ;30;9945
9945028;FOCO ESFERICO PEQUEÑO DE 40 W. 220 V.                                                               ;UNI       ;29;9945
9945029;FOCO TIPO REFLECTOR 220 V. 100 W. E-27                                                              ;UNI       ;86;9945
9945031;(FOCO) LAMPARA DE VAPOR DE SODIO E 27 - 70 W.                                                       ;UNI       ;20;9945
9945033;FOCO CLARO INCANDECENTE DE 60 W 220 V                                                               ;UNI       ;378;9945
9945034;FOCO CLARO TIPO GLOBO DE 220 V 60 W                                                                 ;UNI       ;262;9945
9945035;FOCO DICROICO 220 VOL. 50 W G U 10 TIPO ARRANCADOR                                                  ;UNI       ;70;9945
9945036;FOCO DICROICO COMPLETO P/RIEL DE 220 VOL. (RIO)                                                     ;UNI       ;15;9945
9945037;FOCO DICROICO CON PIN DE 12 VOL. 50 W MR 16                                                         ;UNI       ;82;9945
9945038;FOCO DICROICO DE 220 VOL. 50 W JDR E 27 ROSCA NORMAL                                                ;UNI       ;6;9945
9945039;FOCO PARA LINTERNA PEQUEÑA                                                                          ;UNI       ;60;9945
9945040;FOCO PARA LINTERNA GRANDE                                                                           ;UNI       ;95;9945
9945041;FOCO PEQUEÑO DE 220 V 40 W ROSCA MUÑON                                                              ;UNI       ;11;9945
9945042;FOCO PEQUEÑO DE 40 W 220 V OVALADA R. MUÑON                                                         ;UNI       ;10;9945
9945043;FOCO TIPO GLOBO AHUMADO DE 60 W 220 VOL.                                                            ;UNI       ;10;9945
9945045;FOCOS PEQUEÑOS DE 12 V Y SOCALOS                                                                    ;UNI       ;20;9945
9945046;HALOGENO 220 V 1500 W                                                                               ;UNI       ;18;9945
9945047;HALOGENO HALURO METALICO DE 150 W 220 V                                                             ;UNI       ;2;9945
9945048;HALOGENO HALURO METALICO DE 70 W 220 VOL                                                            ;UNI       ;8;9945
9945049;HALOGENO DE 220 VOL. 1000 W                                                                         ;UNI       ;59;9945
9945050;INTERRUPTOR EN PLACA SIMPLE                                                                         ;PZA       ;10;9945
9945051;INTERRUPTOR EN PLACA DOBLE                                                                          ;PZA       ;17;9945
9945053;PARLANTE INTERCOMUNCADOR PEQUEÑO                                                                    ;PZA       ;5;9945
9945054;PANTALLA GLOBO P/GRADAS COMPLETO                                                                    ;PZA       ;2;9945
9945055;PANTALLA REDONDO DE UN FOCO DE 50 CM                                                                ;PZA       ;2;9945
9945056;PLACA DE TOMA CORRIENTE DOBLE METALICO SUELTA                                                       ;PZA       ;55;9945
9945057;PLACA DE TOMA CORRIENTE DOBLE PLASTICO SUELTA                                                       ;PZA       ;24;9945
9945058;PULSADOR DE LUZ DE EMERGENCIA                                                                       ;PZA       ;8;9945
9945059;REACTANCIA CON ARRANCADOR DE 220 V 20 W                                                             ;PZA       ;30;9945
9945060;RELAE TERMICO DE 37-57 A                                                                            ;PZA       ;2;9945
9945062;RESISTENCIA PARA DUCHA 200 V 6400 W (6800 W)                                                        ;UNI       ;17;9945
9945063;SOCALO P/TUBO FLORECENTE C/PORTA ARRANCADOR                                                         ;JGO       ;50;9945
9945064;SOCALO PARA DICROICO PIN                                                                            ;JGO       ;43;9945
9945065;SOQUET DE FOCO PORCELANA                                                                            ;PZA       ;255;9945
9945066;TABLERO PLASTICO PARA TERMICO                                                                       ;PZA       ;1;9945
9945067;TERMICO 220 V 32 A MONOPOLAR                                                                        ;PZA       ;41;9945
9945068;TERMICO DE 125 A 3 FACES                                                                            ;PZA       ;3;9945
9945070;TERMICO MONOPOLAR DE 1 X 20 AMP                                                                     ;PZA       ;8;9945
9945071;"TOMACORRIENTE REDONDO TIPO ""SHUKO""                                                                  ";PZA       ;3;9945
9945072;TRANSFORMADOR P/DICROICO DE 220 V 12 V 50 W                                                         ;PZA       ;17;9945
9945074;TUBOS FLORECENTES DE 40 W 220 V                                                                     ;PZA       ;125;9945
9945075;TUBO FLORECENTE LUS CALIDA DE 220 V 20 W                                                            ;UNI       ;1;9945
9945076;RESISTENCIA PARA DUCHA 200 V 5400 W                                                                 ;UNI       ;24;9945
9945079;SWITH 15 A A METALICO PARA CAFETERA                                                                 ;PZA       ;13;9945
9945081;HALOGENO DE 250 W 24 VOL                                                                            ;UNI       ;1;9945
9945082;HALOGENO DE 50 W 12 VOL                                                                             ;UNI       ;1;9945
9945083;TERMICO TRIFASICO DE 3 X 80                                                                         ;PZA       ;1;9945
9945084;TERMICO TRIFASICO DE 3 X 100 AMP                                                                    ;PZA       ;4;9945
9945085;TERMICO BIPOLAR DE 2 X 32 AMP                                                                       ;PZA       ;6;9945
9945086;LAMPARA COMPLETA 220 V 100 W                                                                        ;PZA       ;1;9945
9945087;INTERRUPTOR DE 15 AMP 250 VOL                                                                       ;PZA       ;3;9945
9945090;SECADOR ELECTRICO DE MANO                                                                           ;PZA       ;1;9945
9945091;FOCO PEQUEÑO DE 220 V 25 W ROSCA MUÑON                                                              ;UNI       ;12;9945
9945093;TERMICO BIPOLAR DE 63 AMP                                                                           ;PZA       ;2;9945
9945094;TERMICO TRIFASICO DE 63 AMP                                                                         ;PZA       ;1;9945
9945096;CHICOTILLO P/CABLE DE 20 CTM DE LARGO                                                               ;PZA       ;270;9945
9945101;TERMINAL OJAL 10 MM                                                                                 ;PZA       ;38;9945
9945102;TERMINAL OJAL 16 MM                                                                                 ;PZA       ;25;9945
9945103;CABLE MONOPOLAR #12                                                                                 ;MTS       ;45;9945
9945104;LAMPARA INCANDESCENTE DE 100W                                                                       ;PZA       ;202;9945
9945105;CAJA METALICA P/TOMA CORRIENTE DE PISO                                                              ;UNI       ;63;9945
9946001;ACEITE (5W30)                                                                                       ;LTR       ;6;9946
9946002;VENTILADOR P/REFRIGERADOR                                                                           ;PZA       ;5;9946
9946003;COLADOR COD 373 20,00 P/BOMBA SUMERGIBLE (CANASTILLO)                                               ;PZA       ;2;9946
9946004;ELECTRODO PARA FIERRO FUNDIDO                                                                       ;UNI       ;19;9946
9946005;ELECTRODO DELGADO PUNTO AZUL 6013 3,25                                                              ;KLO       ;13;9946
9946006;SIERRA CORTADA DE CARNE                                                                             ;MTS       ;18;9946
9946007;FILTRO REFRIGERADOR                                                                                 ;PZA       ;2;9946
9946008;GARRAFA DE GAS REFRIGERANTE R 12 30 LBS                                                             ;UNI       ;1;9946
9946010;LLAVE DE PASO PARA GAS DE 3/4                                                                       ;PZA       ;1;9946
9946011;ABRAZADERA DE 3/8 PUL                                                                               ;PZA       ;18;9946
9946012;BUJE SOPORTE PERFORADO Y CHAVETEADO                                                                 ;PZA       ;4;9946
9946013;GRASA ROJA BASE LITIO                                                                               ;KLO       ;20;9946
9946014;POLEA MEDIANO DE EJE 1 P X 8 P REDONDO                                                              ;PZA       ;1;9946
9946015;POLEA PARA 2 CORREAS EJE 1 1/2 PUL                                                                  ;PZA       ;1;9946
9946016;QUEMADORES DE BRONCE PARA COCINA                                                                    ;PZA       ;16;9946
9946017;RUEDA DE CARRITO PEQUEÑO                                                                            ;PZA       ;4;9946
9946018;RESORTE                                                                                             ;PZA       ;20;9946
9946020;MANGUERA PARA GAS DE 5/16 P                                                                         ;MTS       ;93;9946
9946021;PLANCHA LAMINADA GALVANIZADO                                                                        ;HJA       ;9;9946
9946022;FILTRO DE ACEITE PARA GRUPO GENERADOR                                                               ;PZA       ;2;9946
9946023;VOLANDA PLANA DE 11 X 2 MM                                                                          ;UNI       ;12;9946
9946024;CORREA # B-62                                                                                       ;PZA       ;2;9946
9946025;CORREA # B-96                                                                                       ;PZA       ;4;9946
9946026;FUSIBLE DE 10 A / 250 V.                                                                            ;PZA       ;20;9946
9946027;CORREA INDUSTRIAL # A - 42                                                                          ;PZA       ;3;9946
9946029;CORREA INDUSTRIAL # A - 48                                                                          ;PZA       ;3;9946
9946030;CORREA INDUSTRIAL EN - V - BALFLEX # A-31                                                           ;PZA       ;2;9946
9946031;CORREA INDUSTRIAL EN - V - BALFLEX # A-36                                                           ;PZA       ;2;9946
9946032;CORREA INDUSTRIAL EN - V - BALFLEX # A-67                                                           ;PZA       ;2;9946
9946034;FOCO PEQUEÑO DE 6 V 2 W TIPO BAYONETA P/TABLERO                                                     ;UNI       ;8;9946
9946035;PLATINA DE ACOPLE P/BOMBAS DE AGUA                                                                  ;UNI       ;14;9946
9946038;ACEITE HIDRAULICO GRADO ISO 32                                                                      ;TBR       ;1;9946
9946039;ACEITE LUBRICANTE GRADO SAE 5W30 (0,946 LTS.)                                                       ;ENV       ;17;9946
9946040;ACEITE UNIVERSAL 80W90                                                                              ;BLD       ;1;9946
9946041;ACEITE SAE 15W40                                                                                    ;GAL       ;8;9946
9946042;ACEITE DESINCRUSTANTE WD40                                                                          ;FCO       ;24;9946
9946043;MATERIAL P/FILTRO DE AIRE (ANCHO 1,3 MTS)                                                           ;MTS       ;21,8;9946
9946044;BUJE TORNEADO PARA SILLONES                                                                         ;PZA       ;20;9946
9946045;CORREA # B-65                                                                                       ;PZA       ;1;9946
9947001;BISAGRA DORADA PARA PUERTA DE 4 PUL                                                                 ;PAR       ;24;9947
9947002;BRAZO PARA PUERTA YALE 2000                                                                         ;PZA       ;29;9947
9947004;CHAPA YALE PLANA DE EMPOTRAR (PARA BAÑO)                                                            ;PZA       ;2;9947
9947006;PINTURA DUCO PLATEADO                                                                               ;GLB       ;6;9947
9947007;CHAPA PEQUEÑO TIPO BOTONERA                                                                         ;PZA       ;3;9947
9947008;CHAPA YALE PARA PUERTA ALUMINIO M / 850                                                             ;PZA       ;1;9947
9947009;JALADORES METALICO P/GABETERO DE 4 PUL                                                              ;PZA       ;4;9947
9947010;JALADORES METALICO TIPO BOTON                                                                       ;PZA       ;9;9947
9947011;LIJA DE MADERA # 100                                                                                ;MTS       ;85;9947
9947012;LIJA DE MADERA # 80                                                                                 ;MTS       ;42;9947
9947013;"PICAPORTE TIPO UÑA PARA PUERTA DE 6""                                                                ";PZA       ;23;9947
9947014;"PICAPORTE DE UÑA P/PUERTA PRINCIPAL DE 8""                                                           ";PZA       ;37;9947
9947015;LIJA DE AGUA # 80 EN HOJAS                                                                          ;HJA       ;4;9947
9947016;REMOVEDOR DE ESMALTE EN SPRAY                                                                       ;LTA       ;1;9947
9947017;RUEDAS DE PLASTICO P/ESCRITORIO                                                                     ;PZA       ;77;9947
9947018;CEPILLO DE PUERTA DE 7,5 MM                                                                         ;MTS       ;70;9947
9947019;PICAPORTE TIPO UÑA P/PUERTA DE 5 PUL                                                                ;PZA       ;11;9947
9947020;CHAPA PEQUEÑA EN PALETA                                                                             ;PZA       ;120;9947
9947021;TOPE DE PUERTA MAGNETICA                                                                            ;PZA       ;15;9947
9947022;TABLERO MELANIMICO C/HAYA 275 X 183 D 18 MM                                                         ;HJA       ;9;9947
9948001;ACOPLADORES BNC                                                                                     ;UNI       ;98;9948
9948002;AURICULAR COMPLETO PARA TELEFONO M2616                                                              ;UNI       ;4;9948
9948003;AURICULAR COMPLETO PARA TELEFONO OKI                                                                ;UNI       ;41;9948
9948004;CABLE ESPIRAL PARA AURICULAR DE TELEFONO                                                            ;UNI       ;36;9948
9948005;CABLE PARA PARLANTE                                                                                 ;MTS       ;85;9948
9948006;CABLE DE 4 HILOS PARA TELEFONO                                                                      ;MTS       ;61;9948
9948007;ROSETA RJ 11 DE 1 SALIDA                                                                            ;UNI       ;99;9948
9948008;CAPSULA RECEPTORA DE TELEFONO                                                                       ;UNI       ;14;9948
9948009;CAPSULA TRANSMISORA DE TELEFONO                                                                     ;UNI       ;12;9948
9948010;CONECTOR BNC DE PRESION MATALICO                                                                    ;UNI       ;67;9948
9948011;CONECTORES RJ # 10                                                                                  ;UNI       ;319;9948
9948012;CONECTORES RJ # 11                                                                                  ;UNI       ;145;9948
9948013;CONECTORES RJ # 45 PARA RED                                                                         ;UNI       ;324;9948
9948014;DIODO DANPER DE ALTA VELOCIDAD                                                                      ;UNI       ;20;9948
9948015;DISCO DIAL P/TELEFONO OKI                                                                           ;UNI       ;19;9948
9948016;FILTRO RLC 100 MF                                                                                   ;UNI       ;15;9948
9948017;FILTRO SSL 220 V X 1 MF                                                                             ;UNI       ;15;9948
9948018;FUSIBLE DE 250 V 7 AMP                                                                              ;UNI       ;36;9948
9948019;FUSIBLE DE 250 V 4,0 A                                                                              ;UNI       ;29;9948
9948020;FUSIBLE DE 250 V 0,6 A                                                                              ;UNI       ;29;9948
9948021;FUSIBLE DE 250 V 0,8 A                                                                              ;UNI       ;30;9948
9948022;FUSIBLE DE 250 V 1,5 A                                                                              ;UNI       ;69;9948
9948023;FUSIBLE DE 250 V 2,5 A                                                                              ;UNI       ;32;9948
9948024;FUSIBLE PEQUEÑO DE 250 V 1 A                                                                        ;UNI       ;20;9948
9948025;FUSIBLE PEQUEÑO DE 250 V 2 A                                                                        ;UNI       ;65;9948
9948026;CABLE DE PASE (PATCH - CORD) COD 108-165                                                            ;UNI       ;175;9948
9948027;MICRO SWIHT DE 250 V 5 A                                                                            ;UNI       ;38;9948
9948028;PILAS GRANDES DURACEL                                                                               ;UNI       ;1;9948
9948029;PILAS PEQUEÑA DURACEL TIPO DOBLE A                                                                  ;UNI       ;2;9948
9948030;PLUG CONECTOR RCA                                                                                   ;UNI       ;8;9948
9948031;PLUG ESTEREO GRANDE METALICO                                                                        ;UNI       ;8;9948
9948032;PLUG ESTEREO PEQUEÑO DE PLASTICO                                                                    ;UNI       ;16;9948
9948033;TRANSISTOR NPN C559                                                                                 ;UNI       ;13;9948
9948034;"PILA DURACEL ""C"" MEDIANA                                                                            ";UNI       ;9;9948
9948035;"BATERIA PILA PEQUEÑA ALKALINA ""AAA""                                                                 ";UNI       ;40;9948
9948036;BATERIA PEQUEÑA DE 9 VOL.                                                                           ;UNI       ;67;9948
9948037;MICROSWICHS PARA HANDY MOTOROLA MJ 3150                                                             ;UNI       ;97;9948
9948038;ROSETA PARA TELEFONO DE 2 SALIDAS RJ 11                                                             ;UNI       ;198;9948
9948039;PILA PEQUEÑA ENERGIZER - A - 23                                                                     ;UNI       ;4;9948
9948040;PILA RECARGABLE A A                                                                                 ;PZA       ;4;9948
9948041;FUSIBLE                                                                                             ;PZA       ;28;9948
9949001;ESPONJA P/LIMPIEZA DE CASILLEROS                                                                    ;UNI       ;11;9949
9949002;LIJA DE AGUA # 500                                                                                  ;HJA       ;7;9949
9949004;TORNILLO DE ROSCA FINA D 3/16 X 2 1/2 PUL P/GRADAS                                                  ;UNI       ;62;9949
9949005;TORNILLO DE ROSCA FINA 3/10 X 2 P PARA GRADAS                                                       ;UNI       ;60;9949
9949006;TORNILLO DE ROSCA FINA 5 X 1/2 P PARA GRADAS                                                        ;UNI       ;76;9949
9949007;TORNILLO DE ENCARNE 5 X 2 1/4 P PARA GRADAS                                                         ;UNI       ;18;9949
9949008;REMACHE POP DE 3,2 X 14 PUL                                                                         ;UNI       ;530;9949
9949009;TIRAFONDO METALICO DE 12,5 MM X 1 1/16                                                              ;UNI       ;2;9949
9949010;TORNILLO DE ENCARNE DE 3 MM X 1 1/2 P CAB NORMAL                                                    ;UNI       ;194;9949
9949012;TORNILLO DE ENCARNE 4 MM X 1/2 P CAB NORMAL                                                         ;UNI       ;122;9949
9949014;TORNILLO CON TUERCA 4 MM X 1/2 P CAB NORMAL                                                         ;UNI       ;90;9949
9949015;TORNILLO DE ENCARNE DE 4,5 MM X 3/4 P CAB CONICO                                                    ;UNI       ;76;9949
9949016;TORNILLO DE ENCARNE 5 MM X 3/4 P CAB CONICO                                                         ;UNI       ;20;9949
9949018;CADENA PARA COLGAR LUMINARIA                                                                        ;MTS       ;11;9949
9949019;PERNO C/TUERCA 1/2 X 1 1/2 PUL                                                                      ;PZA       ;40;9949
9949020;PERNO C/TUERCA 1/2 X 2 PUL                                                                          ;PZA       ;34;9949
9949021;PERNO CON TUERCA 5/16 X 1 PUL                                                                       ;UNI       ;13;9949
9949022;TORNILLO CON TUERCA 5/16 X 1 1/2 PUL                                                                ;PZA       ;17;9949
9949023;PERNO C/TUERCA 5/8 X 2 PUL                                                                          ;PZA       ;45;9949
9949024;TORNILLO DE ENCARNE DE 1/2 X 1/8 PUL                                                                ;PZA       ;50;9949
9949025;TORNILLO DE ENCARNE DE 5/8 X 1/8 PUL                                                                ;PZA       ;486;9949
9949026;TORNILLO DE ENCARNE DE 7/8 PUL X 4 MM                                                               ;UNI       ;608;9949
9949027;TORNILLO DE ENCARNE DE 1 1/2 PUL X 7 MM                                                             ;UNI       ;714;9949
9949028;TORNILLO DE 1 1/2 X 9 MM                                                                            ;UNI       ;876;9949
9949029;CHAPA DE SEGURIDAD BR                                                                               ;PZA       ;1;9949
9949030;TORNILLO TIPO GANCHO P/LUMINARIA                                                                    ;UNI       ;24;9949
9949031;TAPA CIEGA P/ELECTRICO                                                                              ;UNI       ;21;9949
9949033;TORNILLOS ROSCA PAN CON TUERCA DE 4 X 25 MM                                                         ;PZA       ;185;9949
9949034;TORNILLO ROSCA PAN CON TUERCA DE 4 X 40 MM                                                          ;PZA       ;198;9949
9949035;TORNILLOS ROSCA PAN CON TUERCA DE 6 X 25 MM                                                         ;PZA       ;194;9949
9949036;TORNILLOS ROSCA PAN CON TUERCA DE 6 X 50 MM                                                         ;PZA       ;200;9949
9949037;TORNILLOS ROSCA PAN CON TUERCA DE 2 X 25 MM                                                         ;PZA       ;200;9949
9949038;TORNILLOS ROSCA PAN CON TUERCA DE 2 X 16 MM                                                         ;PZA       ;196;9949
9949039;TIRAFONDOS DE 1/4 X 1/2 PUL                                                                         ;PZA       ;180;9949
9949040;TIRAFONDO DE 1/4 X 2 PUL                                                                            ;PZA       ;122;9949
9949041;TIRAFONDO DE 1/4 X 1 PUL                                                                            ;PZA       ;18;9949
9949042;TORNILLO CHIP DE 4 X 16                                                                             ;PZA       ;900;9949
9949043;TORNILLO CHIP DE 4 X 20 MM                                                                          ;PZA       ;900;9949
9949044;TORNILLO CHIP 4 X 25 MM                                                                             ;PZA       ;997;9949
9949045;TORNILLO CHIP DE 5 X 20 MM                                                                          ;PZA       ;858;9949
9949046;TORNILLO CHIP DE 5 X 50 MM                                                                          ;PZA       ;660;9949
9949047;TORNILLO CHIP DE 6 X 30 MM                                                                          ;PZA       ;902;9949
9949048;TORNILLO ENCARNE DE 1/8 X 1/2 PUL                                                                   ;PZA       ;750;9949
9949049;TORNILLO ENCARNE DE 1/8 X 1 PUL                                                                     ;PZA       ;399;9949
9949050;TORNILLO DE ENCARNE DE 1/8 X 1 1/4                                                                  ;PZA       ;650;9949
9949051;TORNILLO DE ENCARNE DE 1/8 X 1 1/2                                                                  ;PZA       ;900;9949
9949052;TORNILLO DE ENCARNE DE 3/16 X 1/2                                                                   ;PZA       ;680;9949
9949053;TORNILLO DE ENCARNE DE 3/16 X 1 PUL                                                                 ;PZA       ;248;9949
9949054;TORNILLO DE ENCARNE DE 3/16 X 1 1/4 PUL                                                             ;PZA       ;149;9949
9949055;TORNILLO DE ENCARNE DE 3/16 X 1 1/2 PUL                                                             ;PZA       ;930;9949
9949057;PERNO HEXAGONAL CON TUERCA Y VOLANDA M6 X 50 MM                                                     ;PZA       ;190;9949
9949058;PERNO HEXAGONAL CON TUERCA Y VOLANDA M6 X 60 MM                                                     ;PZA       ;148;9949
9949059;PERNO HEXAGONAL CON TUERCA Y VOLANDA M8 X 50 MM                                                     ;PZA       ;143;9949
9949060;PERNO HEXAGONAL CON TUERCA Y VOLANDA M8 X 70 MM                                                     ;PZA       ;149;9949
9949061;PERNO CON TUERCA M6 X 60 MM                                                                         ;PZA       ;53;9949
9949062;TORNILLO ROSCA PAN CON VOLANDA Y TUERCA 4 X 24 MM                                                   ;PZA       ;199;9949
9950004;BRAVONIL 720                                                                                        ;FCO       ;1;9950
