fk_pcg_version|pcg_type|pcg_subtype|account_parent|fk_accounting_category|account_number|label|cta_normal|cta_clase
PCBOL_BASE|ACTIVO|X|||1|ACTIVO O DERECHOS|D|
PCBOL_BASE|ACTIVO|X|||11|ACTIVO CORRIENTE|D|
PCBOL_BASE|ACTIVO|X|||111|DISPONIBLE|D|
PCBOL_BASE|ACTIVO|X|||11101|CAJA MONEDA NACIONAL|D|
PCBOL_BASE|ACTIVO|X|||1110101|Caja l|D|
PCBOL_BASE|ACTIVO|X|||11102|CAJA MONEDA EXTRANJERA|D|
PCBOL_BASE|ACTIVO|X|||1110201|Dólares Norteamericanos|D|
PCBOL_BASE|ACTIVO|X|||1110202|Euros|D|
PCBOL_BASE|ACTIVO|X|||11103|CAJA CHICA|D|
PCBOL_BASE|ACTIVO|X|||1110301|Caja Chica Administración|D|
PCBOL_BASE|ACTIVO|X|||1110302|Caja Chica Comercialización|D|
PCBOL_BASE|ACTIVO|X|||11103|BANCOS MONEDA NACIONAL|D|
PCBOL_BASE|ACTIVO|X|||1110301|Banco Nacional de Bolivia MN|D|
PCBOL_BASE|ACTIVO|X|||1110302|Banco Industrial SA. MN|D|
PCBOL_BASE|ACTIVO|X|||11104|BANCOS MONEDA EXTRANJERA|D|
PCBOL_BASE|ACTIVO|X|||1110401|Banco Nacional de Bolivia MN|D|
PCBOL_BASE|ACTIVO|X|||1110402|Banco Industrial SA. ME|D|
PCBOL_BASE|ACTIVO|X|||11105|CAJA DE AHORROS MN/ME|D|
PCBOL_BASE|ACTIVO|X|||1110501|Banco Nacional de Bolivia MN|D|
PCBOL_BASE|ACTIVO|X|||11106|DEPÓSITOS A PLAZO FIJO MN/ME|D|
PCBOL_BASE|ACTIVO|X|||1110601|Banco Nacional de Bolivia MN|D|
PCBOL_BASE|ACTIVO|X|||11107|INVERSIONES AL VALOR RAZONABLE Y DISPONIBLES PARA LA VENTA|D|
PCBOL_BASE|ACTIVO|X|||1110701|INVERSIONES AL VALOR RAZONABLE|D|
PCBOL_BASE|ACTIVO|X|||111070101|Valores emitidos o garantizados por el Estado|D|
PCBOL_BASE|ACTIVO|X|||111070102|Valores emitidos por el sistema financiero|D|
PCBOL_BASE|ACTIVO|X|||111070103|Valores emitidos por empresas|D|
PCBOL_BASE|ACTIVO|X|||111070104|Participaciones en entidades|D|
PCBOL_BASE|ACTIVO|X|||1110702|INVERSIONES DISPONIBLES PARA LA VENTA|D|
PCBOL_BASE|ACTIVO|X|||111070201|Valores emitidos o garantizados por el Estado|D|
PCBOL_BASE|ACTIVO|X|||111070202|Valores emitidos por el sistema financiero|D|
PCBOL_BASE|ACTIVO|X|||111070203|Valores emitidos por empresas|D|
PCBOL_BASE|ACTIVO|X|||1110703|Activos financieros - compromiso de compra|D|
PCBOL_BASE|ACTIVO|X|||112|CREDITOS O EXIGIBLES|D|
PCBOL_BASE|ACTIVO|X|||11201|CUENTAS POR COBRAR (CLIENTES)|D|
PCBOL_BASE|ACTIVO|X|||1120101|CUENTAS POR COBRAR EN CARTERA|D|
PCBOL_BASE|ACTIVO|X|||112010101|Cliente xx|D|
PCBOL_BASE|ACTIVO|X|||112010102|Cliente yy|D|
PCBOL_BASE|ACTIVO|X|||1120102|CUENTAS POR COBRAR EN COBRANZA|D|
PCBOL_BASE|ACTIVO|X|||112010201|Cliente xx|D|
PCBOL_BASE|ACTIVO|X|||112010202|Cliente yy|D|
PCBOL_BASE|ACTIVO|X|||11202|DOCUMENTOS POR COBRAR|D|
PCBOL_BASE|ACTIVO|X|||1120201|DOCUMENTOS POR COBRAR EN CARTERA|D|
PCBOL_BASE|ACTIVO|X|||112020101|Cliente xx|D|
PCBOL_BASE|ACTIVO|X|||112020102|Cliente yy|D|
PCBOL_BASE|ACTIVO|X|||1120202|DOCUMENTOS POR COBRAR EN COBRANZA|D|
PCBOL_BASE|ACTIVO|X|||112020201|Cliente xx|D|
PCBOL_BASE|ACTIVO|X|||112020202|Cliente yy|D|
PCBOL_BASE|ACTIVO|X|||1120203|DOCUMENTOS POR COBRAR EN DESCUENTO|D|
PCBOL_BASE|ACTIVO|X|||112020201|Cliente xx|D|
PCBOL_BASE|ACTIVO|X|||112020202|Cliente yy|D|
PCBOL_BASE|ACTIVO|X|||11203|COBRANZA DUDOSA|D|
PCBOL_BASE|ACTIVO|X|||1120301|Cuentas por cobrar|D|
PCBOL_BASE|ACTIVO|X|||1120302|Documentos por cobrar|D|
PCBOL_BASE|ACTIVO|X|||11204|CUENTAS POR COBRAR COMERCIALES - RELACIONADAS|D|
PCBOL_BASE|ACTIVO|X|||1120401|Matriz|D|
PCBOL_BASE|ACTIVO|X|||1120402|Subsidiarias|D|
PCBOL_BASE|ACTIVO|X|||1120403|Asociadas|D|
PCBOL_BASE|ACTIVO|X|||1120404|Sucursal|D|
PCBOL_BASE|ACTIVO|X|||1120405|Cobranza Dudosa|D|
PCBOL_BASE|ACTIVO|X|||11205|CUENTAS POR COBRAR AL PERSONAL, A LOS ACCIONISTAS, DIRECTORES Y GERENTES|D|
PCBOL_BASE|ACTIVO|X|||11206|PERSONAL DE LA EMPRESA|D|
PCBOL_BASE|ACTIVO|X|||1120601|Préstamos|D|
PCBOL_BASE|ACTIVO|X|||1120602|Anticipos|D|
PCBOL_BASE|ACTIVO|X|||1120603|Deudores con cargo de cuenta|D|
PCBOL_BASE|ACTIVO|X|||11207|ACCIONISTAS O SOCIOS|D|
PCBOL_BASE|ACTIVO|X|||1120701|Suscripciones por cobrar a socios o accionistas|D|
PCBOL_BASE|ACTIVO|X|||1120702|Préstamos|D|
PCBOL_BASE|ACTIVO|X|||11208|DIRECTORES Y GERENTES|D|
PCBOL_BASE|ACTIVO|X|||11209|COBRANZA DUDOSA|D|
PCBOL_BASE|ACTIVO|X|||11210|CUENTAS POR COBRAR (SIN), IMPUESTOS A COMPENSAR Y DIFERIDOS|D|
PCBOL_BASE|ACTIVO|X|||1121001|ANTICIPO A PROVEEDORES|D|
PCBOL_BASE|ACTIVO|X|||1121002|CRÉDITO FISCAL|D|
PCBOL_BASE|ACTIVO|X|||1121003|ANTICIPO DE IMPUESTOS|D|
PCBOL_BASE|ACTIVO|X|||1121004|I.U.E. POR COMPENSAR|D|
PCBOL_BASE|ACTIVO|X|||1121005|IVA DIFERIDO|D|
PCBOL_BASE|ACTIVO|X|||251 (-)|PROVISIÓN PARA CUENTAS INCOBRABLES|D|
PCBOL_BASE|ACTIVO|X|||113|BIENES DE CAMBIO O REALIZABLE|D|
PCBOL_BASE|ACTIVO|X|||11301|EXISTENCIA DE MERCADERÍAS|D|
PCBOL_BASE|ACTIVO|X|||1130101|Costo|D|
PCBOL_BASE|ACTIVO|X|||113010101|Producto xx|D|
PCBOL_BASE|ACTIVO|X|||1130102|Valor razonable|D|
PCBOL_BASE|ACTIVO|X|||113010201|Producto xx|D|
PCBOL_BASE|ACTIVO|X|||11302|ENVASES Y EMBALAJES|D|
PCBOL_BASE|ACTIVO|X|||1130201|Envases|D|
PCBOL_BASE|ACTIVO|X|||1130202|Embalajes|D|
PCBOL_BASE|ACTIVO|X|||11303|ACTIVOS NO CORRIENTES MANTENIDOS PARA LA VENTA|D|
PCBOL_BASE|ACTIVO|X|||1130301|Inversiones inmobiliarios|D|
PCBOL_BASE|ACTIVO|X|||1130302|Muebles, Maquinaria y Equipo|D|
PCBOL_BASE|ACTIVO|X|||1130303|Vehículos|D|
PCBOL_BASE|ACTIVO|X|||11304|MERCADERÍAS EN TRÁNSITO (EXISTENCIAS POR RECIBIR)|D|
PCBOL_BASE|ACTIVO|X|||1130401|Mercaderías|D|
PCBOL_BASE|ACTIVO|X|||1130402|Envases y embalajes|D|
PCBOL_BASE|ACTIVO|X|||11306|DESVALORIZACIÓN DE EXISTENCIAS|D|
PCBOL_BASE|ACTIVO|X|||1130601|Mercaderías|D|
PCBOL_BASE|ACTIVO|X|||1130602|Envases|D|
PCBOL_BASE|ACTIVO|X|||1130603|Embalajes|D|
PCBOL_BASE|ACTIVO|X|||12|ACTIVO NO CORRIENTE|D|
PCBOL_BASE|ACTIVO|X|||121|ACTIVO INMOVILIZADO|D|
PCBOL_BASE|ACTIVO|X|||12101|INVERSIONES MOBILIARIAS|D|
PCBOL_BASE|ACTIVO|X|||1210101|Inversiones a ser mantenidas hasta el vencimiento|D|
PCBOL_BASE|ACTIVO|X|||121010101|Instrumentos financieros representativos de deuda|D|
PCBOL_BASE|ACTIVO|X|||121010102|Valores emitidos o garantizados por el Estado|D|
PCBOL_BASE|ACTIVO|X|||1210102|Instrumentos financieros representativos de derecho patrimonial|D|
PCBOL_BASE|ACTIVO|X|||121010201|Certificados de suscripción preferente|D|
PCBOL_BASE|ACTIVO|X|||121010202|Acciones representativas de capital social|D|
PCBOL_BASE|ACTIVO|X|||1210103|Acciones de Inversión|D|
PCBOL_BASE|ACTIVO|X|||121010301|Subsidiarias, asociadas y sucursales|D|
PCBOL_BASE|ACTIVO|X|||121010302|Otras|D|
PCBOL_BASE|ACTIVO|X|||1210104|Desvalorización de inversiones mobiliarias|D|
PCBOL_BASE|ACTIVO|X|||121010401|Inversiones a ser mantenidas hasta el vencimiento|D|
PCBOL_BASE|ACTIVO|X|||121010402|Instrumentos financieros representativos de derecho patrimonial|D|
PCBOL_BASE|ACTIVO|X|||122|INVERSIONES INMOBILIARIAS|D|
PCBOL_BASE|ACTIVO|X|||12201|Terrenos|D|
PCBOL_BASE|ACTIVO|X|||1220101|Urbanos|D|
PCBOL_BASE|ACTIVO|X|||122010101|Valor razonable|D|
PCBOL_BASE|ACTIVO|X|||122010102|Costo|D|
PCBOL_BASE|ACTIVO|X|||122010103|Revaluación|D|
PCBOL_BASE|ACTIVO|X|||1220102|Rurales|D|
PCBOL_BASE|ACTIVO|X|||122010201|Valor razonable|D|
PCBOL_BASE|ACTIVO|X|||122010202|Costo|D|
PCBOL_BASE|ACTIVO|X|||122010203|Revaluación|D|
PCBOL_BASE|ACTIVO|X|||12202|Edificaciones|D|
PCBOL_BASE|ACTIVO|X|||1220201|Edificaciones|D|
PCBOL_BASE|ACTIVO|X|||122020101|Valor razonable|D|
PCBOL_BASE|ACTIVO|X|||122020102|Costo|D|
PCBOL_BASE|ACTIVO|X|||122020103|Revaluación|D|
PCBOL_BASE|ACTIVO|X|||122020104|Costos de financiación - Inversiones inmobiliarias|D|
PCBOL_BASE|ACTIVO|X|||123|ACTIVOS ADQUIRIDOS EN ARRENDAMIENTO FINANCIERO|D|
PCBOL_BASE|ACTIVO|X|||12301|Inversiones inmobiliarias|D|
PCBOL_BASE|ACTIVO|X|||1230101|Terrenos|D|
PCBOL_BASE|ACTIVO|X|||1230102|Edificaciones|D|
PCBOL_BASE|ACTIVO|X|||12302|Maquinarias y equipos de explotación|D|
PCBOL_BASE|ACTIVO|X|||12303|Equipo de transporte|D|
PCBOL_BASE|ACTIVO|X|||12304|Muebles y enseres|D|
PCBOL_BASE|ACTIVO|X|||12305|Herramientas y unidades de reemplazo|D|
PCBOL_BASE|ACTIVO|X|||124|Bienes de Uso|D|
PCBOL_BASE|ACTIVO|X|||12401|TERRENOS|D|
PCBOL_BASE|ACTIVO|X|||1240101|Costo|D|
PCBOL_BASE|ACTIVO|X|||1240102|Revaluación|D|
PCBOL_BASE|ACTIVO|X|||12402|EDIFICIOS|D|
PCBOL_BASE|ACTIVO|X|||12403|Edificaciones administrativas|D|
PCBOL_BASE|ACTIVO|X|||1240301|Costo de adquisición o producción|D|
PCBOL_BASE|ACTIVO|X|||1240302|Revaluación|D|
PCBOL_BASE|ACTIVO|X|||1240303|Costo de financiación - Edificaciones|D|
PCBOL_BASE|ACTIVO|X|||12404|Almacenes|D|
PCBOL_BASE|ACTIVO|X|||1240401|Costo de adquisición o producción|D|
PCBOL_BASE|ACTIVO|X|||1240402|Revaluación|D|
PCBOL_BASE|ACTIVO|X|||1240403|Costo de financiación - Almacenes|D|
PCBOL_BASE|ACTIVO|X|||12405|MUEBLES Y ENSERES|D|
PCBOL_BASE|ACTIVO|X|||1240501|Costo de adquisición o producción|D|
PCBOL_BASE|ACTIVO|X|||1240502|Revaluación|D|
PCBOL_BASE|ACTIVO|X|||1240503|Costo de financiación - Muebles|D|
PCBOL_BASE|ACTIVO|X|||12406|VEHÍCULOS|D|
PCBOL_BASE|ACTIVO|X|||1240601|Costo|D|
PCBOL_BASE|ACTIVO|X|||1240602|Revaluación|D|
PCBOL_BASE|ACTIVO|X|||12407|EQUIPOS DE COMPUTACIÓN|D|
PCBOL_BASE|ACTIVO|X|||1240701|Costo|D|
PCBOL_BASE|ACTIVO|X|||1240702|Revaluación|D|
PCBOL_BASE|ACTIVO|X|||22405 (-)|DEPREC. ACUM. BIENES DE USO|D|
PCBOL_BASE|ACTIVO|X|||125|Obras en Construcción|D|
PCBOL_BASE|ACTIVO|X|||12501|Edificio AA|D|
PCBOL_BASE|ACTIVO|X|||126|Intangibles|D|
PCBOL_BASE|ACTIVO|X|||12601|CRÉDITO MERCANTIL|D|
PCBOL_BASE|ACTIVO|X|||1260101|Costo|D|
PCBOL_BASE|ACTIVO|X|||1260102|Revaluación|D|
PCBOL_BASE|ACTIVO|X|||12602|MARCAS DE FÁBRICA|D|
PCBOL_BASE|ACTIVO|X|||1260201|Costo|D|
PCBOL_BASE|ACTIVO|X|||1260202|Revaluación|D|
PCBOL_BASE|ACTIVO|X|||127|DESVALORIZACIÓN DE ACTIVO INMOVILIZADO|D|
PCBOL_BASE|ACTIVO|X|||12701|Inversiones mobiharias|D|
PCBOL_BASE|ACTIVO|X|||12702|Inversiones inmobiliarias|D|
PCBOL_BASE|ACTIVO|X|||12703|Bienes de uso|D|
PCBOL_BASE|ACTIVO|X|||128|ACTIVO DIFERIDO|D|
PCBOL_BASE|ACTIVO|X|||12801|TERRENOS PARA FUTURAS CONSTRUCCIONES|D|
PCBOL_BASE|ACTIVO|X|||12802 (1)|GASTOS PAGADOS POR ADELANTADO|D|
PCBOL_BASE|ACTIVO|X|||1280201|Seguros|D|
PCBOL_BASE|ACTIVO|X|||1280202|Alquileres|D|
PCBOL_BASE|ACTIVO|X|||1280203|Intereses|D|
PCBOL_BASE|ACTIVO|X|||1280204|Inv. Material de escritorio|D|
PCBOL_BASE|ACTIVO|X|||1280205|Gastos de Publicidad|D|
PCBOL_BASE|ACTIVO|X|||1280206|Gastos de Organización|D|
PCBOL_BASE|ACTIVO|X|||13001|Bienes de arte y cultura|D|
PCBOL_BASE|ACTIVO|X|||1300101|Obras de arte|D|
PCBOL_BASE|ACTIVO|X|||1300102|Biblioteca|D|
PCBOL_BASE|ACTIVO|X|||140|CUENTAS DE ORDEN|D|
PCBOL_BASE|ACTIVO|X|||14001|MERCADERÍAS RECIBIDAS EN CONSIGNACIÓN|D|
PCBOL_BASE|ACTIVO|X|||14002|VALORES EN GARANTÍA|D|
PCBOL_BASE|PASIVO|X|||2|PASIVO (OBLIGACIONES CON LOS ACREEDORES)|A|
PCBOL_BASE|PASIVO|X|||21|PASIVO CORRIENTE|A|
PCBOL_BASE|PASIVO|X|||211|Deudas comerciales|A|
PCBOL_BASE|PASIVO|X|||21101|CUENTAS POR PAGAR|A|
PCBOL_BASE|PASIVO|X|||2110101|Proveedor XX|A|
PCBOL_BASE|PASIVO|X|||2110102|Proveedor YY|A|
PCBOL_BASE|PASIVO|X|||21102|DOCUMENTOS POR PAGAR|A|
PCBOL_BASE|PASIVO|X|||2110201|Sr. NN|A|
PCBOL_BASE|PASIVO|X|||212|Deudas con el personal|A|
PCBOL_BASE|PASIVO|X|||21201|SUELDOS Y SALARIOS POR PAGAR|A|
PCBOL_BASE|PASIVO|X|||21202|AGUINALDO POR PAGAR|A|
PCBOL_BASE|PASIVO|X|||21203|FINIQUITOS POR PAGAR|A|
PCBOL_BASE|PASIVO|X|||213|Deudas a instituciones de seguridad social y otras|A|
PCBOL_BASE|PASIVO|X|||21301|APORTES Y RETENCIONES POR PAGAR|A|
PCBOL_BASE|PASIVO|X|||2130101|ADM. FONDO DE PENSIONES|A|
PCBOL_BASE|PASIVO|X|||213020101|Previsión BBVA|A|
PCBOL_BASE|PASIVO|X|||213020102|Futuro de Bolivia|A|
PCBOL_BASE|PASIVO|X|||21302|CAJA NACIONAL DE SALUD|A|
PCBOL_BASE|PASIVO|X|||21303|AFPS (Pro Vivienda)|A|
PCBOL_BASE|PASIVO|X|||21304|INSTITUTO DE FORMACIÓN Y CAPACITACIÓN LABORAL|A|
PCBOL_BASE|PASIVO|X|||214|Deudas Fiscales|A|
PCBOL_BASE|PASIVO|X|||21401|SERVICIO DE IMPUESTOS NACIONALES|A|
PCBOL_BASE|PASIVO|X|||2140101|RC-IVA - Dependientes|A|
PCBOL_BASE|PASIVO|X|||2140102|RC-IVA a Terceros|A|
PCBOL_BASE|PASIVO|X|||2140103|I.V.A. a Terceros|A|
PCBOL_BASE|PASIVO|X|||2140104|I.T. a Terceros|A|
PCBOL_BASE|PASIVO|X|||2140105|I.U.E. a Terceros|A|
PCBOL_BASE|PASIVO|X|||2140106|Impuesto a las Transacciones|A|
PCBOL_BASE|PASIVO|X|||2140107|Impuesto sobre Utilidades|A|
PCBOL_BASE|PASIVO|X|||21402|DÉBITO FISCAL|A|
PCBOL_BASE|PASIVO|X|||21403|GOBIERNO MUNICIPAL DE ORURO|A|
PCBOL_BASE|PASIVO|X|||2140301|Impuesto a la Propiedad de Bienes Inmuebles y Vehículos|A|
PCBOL_BASE|PASIVO|X|||2140302|Impuesto a la Propiedad de Vehículos|A|
PCBOL_BASE|PASIVO|X|||215|Deudas por servicios básicos|A|
PCBOL_BASE|PASIVO|X|||21501|SERVICIOS BÁSICOS POR PAGAR|A|
PCBOL_BASE|PASIVO|X|||2150101|SELA|A|
PCBOL_BASE|PASIVO|X|||2150102|ELFEOSA.|A|
PCBOL_BASE|PASIVO|X|||2150103|COTEOR|A|
PCBOL_BASE|PASIVO|X|||216|Deudas bancarias|A|
PCBOL_BASE|PASIVO|X|||21601|PRÉSTAMOS HIPOTECARIOS|A|
PCBOL_BASE|PASIVO|X|||2160101|Banco Nacional de Bolivia|A|
PCBOL_BASE|PASIVO|X|||21602|PRÉSTAMOS DOCUMENTARIOS|A|
PCBOL_BASE|PASIVO|X|||21603|DOCUMENTOS POR COBRAR DESCONTADOS|A|
PCBOL_BASE|PASIVO|X|||21604|DOCUMENTOS DESCONTADOS|A|
PCBOL_BASE|PASIVO|X|||217|Otros|A|
PCBOL_BASE|PASIVO|X|||21701|OTROS ACREEDORES|A|
PCBOL_BASE|PASIVO|X|||2170101|Empresas de Transporte, etc.|A|
PCBOL_BASE|PASIVO|X|||218|Ingresos diferidos|A|
PCBOL_BASE|PASIVO|X|||21801|ALQUILERES COBRADOS POR ANTICIPADO|A|
PCBOL_BASE|PASIVO|X|||21802|INTERESES COBRADOS POR ANTICIPADO|A|
PCBOL_BASE|PASIVO|X|||21803|ANTICIPO DE CLIENTES|A|
PCBOL_BASE|PASIVO|X|||22|PASIVO NO CORRIENTE|A|
PCBOL_BASE|PASIVO|X|||221|Obligaciones bancarios|A|
PCBOL_BASE|PASIVO|X|||22101|PRÉSTAMOS HIPOTECARIOS|A|
PCBOL_BASE|PASIVO|X|||2210101|Banco Nacional de Bolivia|A|
PCBOL_BASE|PASIVO|X|||22102|PRÉSTAMOS DOCUMENTARIOS|A|
PCBOL_BASE|PASIVO|X|||2210201|Obligaciones por emisión de bonos|A|
PCBOL_BASE|PASIVO|X|||22103|TESORO GENERAL DE LA NACIÓN|A|
PCBOL_BASE|PASIVO|X|||2210301|Bonos|A|
PCBOL_BASE|PASIVO|X|||222|Previsiones y Provisiones|A|
PCBOL_BASE|PASIVO|X|||22201|PREVISIÓN PARA INDEMNIZACIÓN|A|
PCBOL_BASE|PASIVO|X|||22202|PROVISION PARA AGUINALDO DE NAVIDAD|A|
PCBOL_BASE|PASIVO|X|||223|Otros|A|
PCBOL_BASE|PASIVO|X|||22301|OPERACIONES PENDIENTES|A|
PCBOL_BASE|PASIVO|X|||224|Cuentas complementarias del activo|A|
PCBOL_BASE|PASIVO|X|||22401|DEPRECIACIÓN ACUM. EDIFICIOS|A|
PCBOL_BASE|PASIVO|X|||22402|DEPRECIACIÓN ACUM. MUEBLES Y ENSERES|A|
PCBOL_BASE|PASIVO|X|||22403|DEPREC. ACUM. MAQUINARIA Y EQUIPO|A|
PCBOL_BASE|PASIVO|X|||22404|DEPREC. ACUM. VEHÍCULOS|A|
PCBOL_BASE|PASIVO|X|||22405|DEPREC, ACUM. EQUIPOS DE COMPUTACIÓN|A|
PCBOL_BASE|PASIVO|X|||22406|PROVISIÓN PARA CUENTA INCOBRABLES|A|
PCBOL_BASE|CAPITAL|X|||3|PATRIMONIO O CAPITAL CONTABLE (OBLIGACIONES CON LOS SOCIOS O DUEÑO)|A|
PCBOL_BASE|CAPITAL|X|||31|Patrimonio|A|
PCBOL_BASE|CAPITAL|X|||311|Aportes de los socios y otros|A|
PCBOL_BASE|CAPITAL|X|||31101|CAPITAL SOCIAL - CAPITAL Sr. N.N.|A|
PCBOL_BASE|CAPITAL|X|||31101|RESERVA POR REVALÚOS TÉCNICOS|A|
PCBOL_BASE|CAPITAL|X|||31102|RESERVAS|A|
PCBOL_BASE|CAPITAL|X|||3110201|Reinversión|A|
PCBOL_BASE|CAPITAL|X|||3110202|Legal|A|
PCBOL_BASE|CAPITAL|X|||3110203|Contractuales|A|
PCBOL_BASE|CAPITAL|X|||3110204|Estatutarias|A|
PCBOL_BASE|CAPITAL|X|||3110205|Facultativas|A|
PCBOL_BASE|CAPITAL|X|||3110206|Ajuste de Reservas Patrimoniales|A|
PCBOL_BASE|CAPITAL|X|||31103|AJUSTE DE CAPITAL|A|
PCBOL_BASE|CAPITAL|X|||31105|RESULTADOS NO REALIZADOS|A|
PCBOL_BASE|CAPITAL|X|||3110501|Diferencia en cambio de inversiones permanentes en entidades extranjeras|A|
PCBOL_BASE|CAPITAL|X|||3110502|Instrumentos financieros - cobertura de flujo de efectivo|A|
PCBOL_BASE|CAPITAL|X|||3110503|Ganancia o pérdida en activos o pasivos financieros disponibles para la venta|A|
PCBOL_BASE|CAPITAL|X|||311050301|Ganancia|A|
PCBOL_BASE|CAPITAL|X|||311050302|Pérdida|A|
PCBOL_BASE|CAPITAL|X|||31106|EXCEDENTE DE REVALUACIÓN|A|
PCBOL_BASE|CAPITAL|X|||3110601|Excedente de revaluación|A|
PCBOL_BASE|CAPITAL|X|||311060101|Inversiones inmobiliarias|A|
PCBOL_BASE|CAPITAL|X|||311060102|Inmuebles, maquinaria y equipos|A|
PCBOL_BASE|CAPITAL|X|||311060103|Intangibles|A|
PCBOL_BASE|CAPITAL|X|||3110602|Excedente de revaluación - Acciones liberadas recibidas|A|
PCBOL_BASE|CAPITAL|X|||3110603|Participación en excedente de revaluación -- Inversiones en entidades relacionadas|A|
PCBOL_BASE|CAPITAL|X|||31107|RESULTADOS ACUMULADOS|A|
PCBOL_BASE|CAPITAL|X|||3110701|Utilidades no distribuidas|A|
PCBOL_BASE|CAPITAL|X|||311070101|Utilidades acumuladas|A|
PCBOL_BASE|CAPITAL|X|||311070102|Ingresos de años anteriores|A|
PCBOL_BASE|CAPITAL|X|||3110702|Pérdidas acumuladas|A|
PCBOL_BASE|CAPITAL|X|||311070201|Pérdidas acumuladas|A|
PCBOL_BASE|CAPITAL|X|||311070202|Gastos de años anteriores|A|
PCBOL_BASE|CAPITAL|X|||350|CUENTAS DE ORDEN|A|
PCBOL_BASE|CAPITAL|X|||35002|COMITENTES Y CONSIGNANTES|A|
PCBOL_BASE|CAPITAL|X|||35001|DEPOSITANTES DE VALORES EN GARANTÍA|A|
PCBOL_BASE|INGRESOS|X|||4|INGRESOS|A|
PCBOL_BASE|INGRESOS|X|||41|INGRESOS ORDINARIOS|A|
PCBOL_BASE|INGRESOS|X|||411|Venta de mercaderías en general|A|
PCBOL_BASE|INGRESOS|X|||41101|VENTAS|A|
PCBOL_BASE|INGRESOS|X|||4110101|Producto A”|A|
PCBOL_BASE|INGRESOS|X|||4110102|Producto “B”|A|
PCBOL_BASE|INGRESOS|X|||41102|RECARGO EN VENTAS|A|
PCBOL_BASE|INGRESOS|X|||41103 (-)|DEVOLUCION EN VENTAS|A|
PCBOL_BASE|INGRESOS|X|||412|VARIACIÓN DE LA PRODUCCIÓN ALMACENADA|A|
PCBOL_BASE|INGRESOS|X|||41201|Variación de envases y embalajes|A|
PCBOL_BASE|INGRESOS|X|||413|PRODUCCIÓN DE ACTIVO INMOVILIZADO|A|
PCBOL_BASE|INGRESOS|X|||41301|Inversiones inmobiliarias|A|
PCBOL_BASE|INGRESOS|X|||41302|Bienes de uso|A|
PCBOL_BASE|INGRESOS|X|||41303|Intangibles|A|
PCBOL_BASE|INGRESOS|X|||414|DESCUENTOS.REBAJAS Y BONIFICACIONES OBTENIDOS|A|
PCBOL_BASE|INGRESOS|X|||41401|Descuentos, rebajas y bonificaciones obtenidos|A|
PCBOL_BASE|INGRESOS|X|||415|DESCUENTOS, REBAJAS Y BONIFICACIONES CONCEDIDOS|A|
PCBOL_BASE|INGRESOS|X|||41501|Descuentos, rebajas y bonificaciones concedidos|A|
PCBOL_BASE|INGRESOS|X|||416|OTROS INGRESOS DE GESTIÓN|A|
PCBOL_BASE|INGRESOS|X|||41601|Servicios en beneficio del personal|A|
PCBOL_BASE|INGRESOS|X|||41602|Comisiones y corretajes|A|
PCBOL_BASE|INGRESOS|X|||41603|Regalías|A|
PCBOL_BASE|INGRESOS|X|||41604|Alquileres|A|
PCBOL_BASE|INGRESOS|X|||41605|Recuperación de cuentas de valuación|A|
PCBOL_BASE|INGRESOS|X|||4160501|Recuperación - Cuentas de cobranza dudosa|A|
PCBOL_BASE|INGRESOS|X|||4160502|Recuperación - Desvalorización de existencias|A|
PCBOL_BASE|INGRESOS|X|||4160503|Recuperación- Desvalorización de inversiones mobiliarias|A|
PCBOL_BASE|INGRESOS|X|||41605|Enajenación de activos inmovilizados|A|
PCBOL_BASE|INGRESOS|X|||41606|Recuperación de deterioro de cuentas de activos inmovilizados|A|
PCBOL_BASE|INGRESOS|X|||41607|Otros ingresos de gestión|A|
PCBOL_BASE|INGRESOS|X|||417|GANANCIA POR MEDICIÓN DE ACTIVOS NO FINANCIEROS AL VALOR RAZONABLE|A|
PCBOL_BASE|INGRESOS|X|||41701|Activo realizable|A|
PCBOL_BASE|INGRESOS|X|||4170101|Mercaderías|A|
PCBOL_BASE|INGRESOS|X|||4170102|Productos en proceso|A|
PCBOL_BASE|INGRESOS|X|||4170103|Activos no corrientes mantenidos para la venta|A|
PCBOL_BASE|INGRESOS|X|||41702|Activo inmovilizado|A|
PCBOL_BASE|INGRESOS|X|||41703|Inversiones inmobiliarias|A|
PCBOL_BASE|INGRESOS|X|||41704|Activos biológicos|A|
PCBOL_BASE|INGRESOS|X|||41705|Participación en los resultados de subsidiarias y asociadas bajo el método del valor patrimonial|A|
PCBOL_BASE|INGRESOS|X|||41706|Ingresos por participaciones en negocios conjuntos|A|
PCBOL_BASE|INGRESOS|X|||418|INGRESOS FINANCIEROS|A|
PCBOL_BASE|INGRESOS|X|||41801|Ganancia por instrumento financiero derivado|A|
PCBOL_BASE|INGRESOS|X|||41802|Rendimientos ganados|A|
PCBOL_BASE|INGRESOS|X|||41803|Dividendos|A|
PCBOL_BASE|INGRESOS|X|||41804|Descuentos obtenidos por pronto pago|A|
PCBOL_BASE|INGRESOS|X|||41805|Diferencia en cambio|A|
PCBOL_BASE|INGRESOS|X|||41806|Ganancia por medición de activos y pasivos financieros al valor razonable|A|
PCBOL_BASE|INGRESOS|X|||41807|Otros ingresos financieros|A|
PCBOL_BASE|INGRESOS|X|||41808|INTERESES PERCIBIDOS|A|
PCBOL_BASE|INGRESOS|X|||41810|DESCTO. POR PRONTO PAGO EN COMPRAS|A|
PCBOL_BASE|INGRESOS|X|||41811|RESULT. POR EXPOSIC. A LA INFL. (S. acreedor)|A|
PCBOL_BASE|INGRESOS|X|||41812|AJUSTE POR INFLACIÓN Y TENENCIA DE BIENES|A|
PCBOL_BASE|INGRESOS|X|||41813|MANTENIMIENTO DE VALOR|A|
PCBOL_BASE|GASTOS|X|||5|COSTO DE MERCADERÍA VENDIDA|D|
PCBOL_BASE|GASTOS|X|||51|Costo de ventas de mercaderías|D|
PCBOL_BASE|GASTOS|X|||5101|Producto AA|D|
PCBOL_BASE|GASTOS|X|||5102|Producto BB|D|
PCBOL_BASE|GASTOS|X|||52|Variación de existencias|D|
PCBOL_BASE|GASTOS|X|||5201|Mercaderías|D|
PCBOL_BASE|GASTOS|X|||5202|Envases y embalajes|D|
PCBOL_BASE|GASTOS|X|||7|GASTOS DE OPERACIÓN|D|
PCBOL_BASE|GASTOS|X|||71|Gastos operacionales administración|D|
PCBOL_BASE|GASTOS|X|||711|GASTOS DE ADMINISTRACIÓN|D|
PCBOL_BASE|GASTOS|X|||71101|SUELDOS Y SALARIOS|D|
PCBOL_BASE|GASTOS|X|||7110101|Personal permanente|D|
PCBOL_BASE|GASTOS|X|||7110102|Personal Eventual|D|
PCBOL_BASE|GASTOS|X|||71102|CARGAS SOCIALES|D|
PCBOL_BASE|GASTOS|X|||7110201|Aporte Patronal al Seguro Social|D|
PCBOL_BASE|GASTOS|X|||7110202|Aporte Patronal a las Administradoras de Fondo de Pensiones|D|
PCBOL_BASE|GASTOS|X|||7110203|Programa Nacional de Subsidio de Vivienda (PNSV)|D|
PCBOL_BASE|GASTOS|X|||7110204|Aporte Patronal a INFOCAL|D|
PCBOL_BASE|GASTOS|X|||7110205|Susidios|D|
PCBOL_BASE|GASTOS|X|||7110206|Aguinaldo|D|
PCBOL_BASE|GASTOS|X|||7110207|Indemnización|D|
PCBOL_BASE|GASTOS|X|||7110208|Vacaciones|D|
PCBOL_BASE|GASTOS|X|||7110209|Otros Beneficios al Personal|D|
PCBOL_BASE|GASTOS|X|||71103|SERVICIOS BÁSICOS|D|
PCBOL_BASE|GASTOS|X|||7110301|GASTOS DE COMUNICACIÓN|D|
PCBOL_BASE|GASTOS|X|||711030101|Servicios Telefónicos|D|
PCBOL_BASE|GASTOS|X|||711030102|Servicios de Internet y Otros|D|
PCBOL_BASE|GASTOS|X|||711030103|Periódicos|D|
PCBOL_BASE|GASTOS|X|||7110302|ENERGÍA ELÉCTRICA|D|
PCBOL_BASE|GASTOS|X|||7110303|AGUAY ALCANTARILLADO|D|
PCBOL_BASE|GASTOS|X|||71104|SERVICIOS DE TRANSPORTES Y SEGUROS|D|
PCBOL_BASE|GASTOS|X|||7110401|Pasajes|D|
PCBOL_BASE|GASTOS|X|||7110402|Viáticos|D|
PCBOL_BASE|GASTOS|X|||7110403|Fletes y Almacenamiento|D|
PCBOL_BASE|GASTOS|X|||7110404|Seguros|D|
PCBOL_BASE|GASTOS|X|||7110405|Transporte de Personal|D|
PCBOL_BASE|GASTOS|X|||71105|ALQUILERES|D|
PCBOL_BASE|GASTOS|X|||7110501|Alquiler de Equipos y Maquinarias|D|
PCBOL_BASE|GASTOS|X|||7110502|Otros Alquileres|D|
PCBOL_BASE|GASTOS|X|||71106|GASTOS DE MANTENIMIENTO Y REPARACIONES|D|
PCBOL_BASE|GASTOS|X|||7110601|Mantenimiento y Reparación de Edificios|D|
PCBOL_BASE|GASTOS|X|||7110602|Mantenimiento y Reparación de Muebles y Enseres|D|
PCBOL_BASE|GASTOS|X|||7110603|Mantenimiento y Reparación de Maquinaria y Equipo|D|
PCBOL_BASE|GASTOS|X|||7110604|Mantenimiento y Reparación de Vehículos|D|
PCBOL_BASE|GASTOS|X|||7110605|Mantenimiento y Reparación de Equipo de Computación|D|
PCBOL_BASE|GASTOS|X|||71107|SERVICIOS PROFESIONALES Y COMERCIALES|D|
PCBOL_BASE|GASTOS|X|||7110701|Estudios e Investigaciones|D|
PCBOL_BASE|GASTOS|X|||7110702|Comisiones y Gastos Bancarios|D|
PCBOL_BASE|GASTOS|X|||7110703|Lavandería, Limpieza e Higiene|D|
PCBOL_BASE|GASTOS|X|||7110704|Material de escritorio|D|
PCBOL_BASE|GASTOS|X|||7110705|Capacitación del Personal|D|
PCBOL_BASE|GASTOS|X|||7110706|Atención Médica y Sociales|D|
PCBOL_BASE|GASTOS|X|||7110707|Servicio de Te y Refrigerio|D|
PCBOL_BASE|GASTOS|X|||7110708|Fotocopias|D|
PCBOL_BASE|GASTOS|X|||7110709|Honorarios Profesionales|D|
PCBOL_BASE|GASTOS|X|||7110710|Vigilancia|D|
PCBOL_BASE|GASTOS|X|||71108|DEPRECIACIÓN BIENES DE USO|D|
PCBOL_BASE|GASTOS|X|||7110801|Depreciación Edificios|D|
PCBOL_BASE|GASTOS|X|||7110802|Depreciación Muebles y Enseres|D|
PCBOL_BASE|GASTOS|X|||7110803|Depreciación Vehículos|D|
PCBOL_BASE|GASTOS|X|||7110804|Depreciación Equipo de Computación|D|
PCBOL_BASE|GASTOS|X|||71109|TRIBUTOS|D|
PCBOL_BASE|GASTOS|X|||7110901|Impuesto a la Propiedad de Bienes Inmuebles y Vehículos|D|
PCBOL_BASE|GASTOS|X|||7110902|Impuesto. Municipal a las Transferencias|D|
PCBOL_BASE|GASTOS|X|||7110903|Impuesto. A las Transacciones Financieras|D|
PCBOL_BASE|GASTOS|X|||7110904|Impuesto a las Sucesiones y a las Transmisiones Gratuitas de Bienes|D|
PCBOL_BASE|GASTOS|X|||7110905|Impuesto al Consumo Específico (ICE)|D|
PCBOL_BASE|GASTOS|X|||7110906|Tasas y Patentes Municipales|D|
PCBOL_BASE|GASTOS|X|||7110907|Patentes mineras, derechos de monte y regalías madereras|D|
PCBOL_BASE|GASTOS|X|||7110908|Intereses, multas por incumplimiento de Tributos|D|
PCBOL_BASE|GASTOS|X|||71110|DONACIONES Y OBSEQUIOS|D|
PCBOL_BASE|GASTOS|X|||71111|MERMAS Y FALLAS EN INVENTARIOS|D|
PCBOL_BASE|GASTOS|X|||71112|PÉRDIDA EN CTAS. INCOBRABLES|D|
PCBOL_BASE|GASTOS|X|||71113|REPOSICIÓN DE COMPROBANTES Y FORMULARIOS|D|
PCBOL_BASE|GASTOS|X|||71114|AMORTIZACIÓN DE GASTOS DE ORGANIZACIÓN|D|
PCBOL_BASE|GASTOS|X|||71115|GASTOS GENERALES|D|
PCBOL_BASE|GASTOS|X|||71116|VARIAS POR EXPOSICIÓN A LA INFLACIÓN|D|
PCBOL_BASE|GASTOS|X|||72|GASTOS DE DISTRIBUCION O VENTAS|D|
PCBOL_BASE|GASTOS|X|||721|GASTOS DE COMERCIALIZACIÓN O DISTRIBUCIÓN|D|
PCBOL_BASE|GASTOS|X|||72101|SUELDOS Y SALARIOS|D|
PCBOL_BASE|GASTOS|X|||7210101|Personal permanente|D|
PCBOL_BASE|GASTOS|X|||7210102|Personal Eventual|D|
PCBOL_BASE|GASTOS|X|||72102|CARGAS SOCIALES|D|
PCBOL_BASE|GASTOS|X|||7210201|Aporte Patronal al Seguro Social|D|
PCBOL_BASE|GASTOS|X|||7210202|Aporte Patronal a las Administradoras de Fondo de Pensiones|D|
PCBOL_BASE|GASTOS|X|||7210203|Aporte Patronal para Vivienda|D|
PCBOL_BASE|GASTOS|X|||7210204|Aporte Patronal a INFOCAL|D|
PCBOL_BASE|GASTOS|X|||7210205|Subsidios|D|
PCBOL_BASE|GASTOS|X|||7210206|Aguinaldo|D|
PCBOL_BASE|GASTOS|X|||7210207|Indemnización|D|
PCBOL_BASE|GASTOS|X|||7210208|Vacaciones|D|
PCBOL_BASE|GASTOS|X|||7210209|Otros Beneficios al Personal|D|
PCBOL_BASE|GASTOS|X|||72103|SERVICIOS BÁSICOS|D|
PCBOL_BASE|GASTOS|X|||7210301|GASTOS DE COMUNICACIÓN|D|
PCBOL_BASE|GASTOS|X|||721030101|Servicios Telefónicos|D|
PCBOL_BASE|GASTOS|X|||721030102|Servicios de Internet y Otros|D|
PCBOL_BASE|GASTOS|X|||721030103|Periódicos|D|
PCBOL_BASE|GASTOS|X|||7210302|ENERGÍA ELÉCTRICA|D|
PCBOL_BASE|GASTOS|X|||7210303|AGUA Y ALCANTARILLADO|D|
PCBOL_BASE|GASTOS|X|||72104|SERVICIOS DE TRANSPORTES Y SEGUROS|D|
PCBOL_BASE|GASTOS|X|||7210401|Pasajes|D|
PCBOL_BASE|GASTOS|X|||7210402|Viáticos|D|
PCBOL_BASE|GASTOS|X|||7210403|Fletes y Almacenamiento|D|
PCBOL_BASE|GASTOS|X|||7210404|Seguros|D|
PCBOL_BASE|GASTOS|X|||7210405|Transporte de Personal|D|
PCBOL_BASE|GASTOS|X|||72105|ALQUILERES|D|
PCBOL_BASE|GASTOS|X|||7210501|Alquiler de Equipos y Maquinarias|D|
PCBOL_BASE|GASTOS|X|||7210502|Otros Alquileres|D|
PCBOL_BASE|GASTOS|X|||72106|GASTOS DE MANTENIMIENTO Y REPARACIONES|D|
PCBOL_BASE|GASTOS|X|||7210601|Mantenimiento y Reparación de Edificios|D|
PCBOL_BASE|GASTOS|X|||7210602|Mantenimiento y Reparación de Muebles y Enseres|D|
PCBOL_BASE|GASTOS|X|||7210603|Mantenimiento y Reparación de Maquinaria y Equipo|D|
PCBOL_BASE|GASTOS|X|||7210604|Mantenimiento y Reparación de Vehículos|D|
PCBOL_BASE|GASTOS|X|||7210605|Mantenimiento y Reparación de Equipo de Computación|D|
PCBOL_BASE|GASTOS|X|||72107|SERVICIOS PROFESIONALES Y COMERCIALES|D|
PCBOL_BASE|GASTOS|X|||7210701|Estudios e Investigaciones|D|
PCBOL_BASE|GASTOS|X|||7210702|Comisiones y Gastos Bancarios|D|
PCBOL_BASE|GASTOS|X|||7210703|Lavandería, Limpieza e Higiene|D|
PCBOL_BASE|GASTOS|X|||7210704|Publicidad|D|
PCBOL_BASE|GASTOS|X|||7210705|Material de escritorio|D|
PCBOL_BASE|GASTOS|X|||7210706|Capacitación del Personal|D|
PCBOL_BASE|GASTOS|X|||7210707|Atención Medica y Sociales|D|
PCBOL_BASE|GASTOS|X|||7210700|Servicio de Te y Refrigerio|D|
PCBOL_BASE|GASTOS|X|||7210710|Honorarios Profesionales|D|
PCBOL_BASE|GASTOS|X|||7210711|Vigilancia|D|
PCBOL_BASE|GASTOS|X|||72108|DEPRECIACIÓN BIENES DE USO|D|
PCBOL_BASE|GASTOS|X|||7210801|Depreciación Edificios|D|
PCBOL_BASE|GASTOS|X|||7210802|Depreciación Muebles y Enseres|D|
PCBOL_BASE|GASTOS|X|||7210803|Depreciación Vehículos|D|
PCBOL_BASE|GASTOS|X|||7210804|Depreciación Equipo de Computación|D|
PCBOL_BASE|GASTOS|X|||72109|TRIBUTOS|D|
PCBOL_BASE|GASTOS|X|||7210901|Impuesto a las Transacciones|D|
PCBOL_BASE|GASTOS|X|||7210902|lmpto. A la Prop. B Inmuebles y Vehículos|D|
PCBOL_BASE|GASTOS|X|||7210903|Impuesto a la Propiedad de Bienes Inmuebles y Vehículos|D|
PCBOL_BASE|GASTOS|X|||7210904|Impto. Municipal a las Transferencias|D|
PCBOL_BASE|GASTOS|X|||7210905|Impuesto a las Sucesiones y a las Transmisiones Gratuitas de Bienes|D|
PCBOL_BASE|GASTOS|X|||7210906|Tasas y Patentes Municipales|D|
PCBOL_BASE|GASTOS|X|||72110|DONACIONES Y OBSEQUIOS|D|
PCBOL_BASE|GASTOS|X|||72111|MERMAS Y FALLAS EN INVENTARIOS|D|
PCBOL_BASE|GASTOS|X|||72112|COMISIONES A VENDEDORES|D|
PCBOL_BASE|GASTOS|X|||72113|REPOSICIÓN DE COMPROBANTES Y FORMULARIOS|D|
PCBOL_BASE|GASTOS|X|||72114|PÉRDIDA EN CUENTAS INCOBRABLES|D|
PCBOL_BASE|GASTOS|X|||72115|GASTOS GENERALES|D|
PCBOL_BASE|GASTOS|X|||72116|VARIAS POR EXPOSICIÓN A LA INFLACIÓN|D|
PCBOL_BASE|GASTOS|X|||73|PÉRDIDA POR MEDICIÓN DE ACTIVOS NO FINANCIEROS AL VALOR RAZONABLE|D|
PCBOL_BASE|GASTOS|X|||731|Activo realizable|D|
PCBOL_BASE|GASTOS|X|||73101|Mercaderías|D|
PCBOL_BASE|GASTOS|X|||73102|Productos en proceso|D|
PCBOL_BASE|GASTOS|X|||73103|Activos no corrientes mantenidos para la venta|D|
PCBOL_BASE|GASTOS|X|||732|Activo inmovilizado|D|
PCBOL_BASE|GASTOS|X|||73201|Inversiones inmobiliarias|D|
PCBOL_BASE|GASTOS|X|||74|GASTOS FINANCIEROS|D|
PCBOL_BASE|GASTOS|X|||741|Gastos en operaciones de endeudamiento y otros|D|
PCBOL_BASE|GASTOS|X|||74101|Préstamos de instituciones financieras y otras entidades|D|
PCBOL_BASE|GASTOS|X|||74102|Contratos de arrendamiento financiero|D|
PCBOL_BASE|GASTOS|X|||74103|Emisión y colocación de instrumentos representativos de deuda y patrimonio|D|
PCBOL_BASE|GASTOS|X|||74104|Documentos vendidos o descontados|D|
PCBOL_BASE|GASTOS|X|||74301|Préstamos de instituciones financieras y otras entidades|D|
PCBOL_BASE|GASTOS|X|||74302|Instituciones financieras|D|
PCBOL_BASE|GASTOS|X|||74303|Otras entidades|D|
PCBOL_BASE|GASTOS|X|||74304|Contratos de arrendamiento financiero|D|
PCBOL_BASE|GASTOS|X|||74305|Otros instrumentos financieros por pagar|D|
PCBOL_BASE|GASTOS|X|||74306|Documentos vendidos o descontados|D|
PCBOL_BASE|GASTOS|X|||74307|Obligaciones emitidas|D|
PCBOL_BASE|GASTOS|X|||74308|Obligaciones comerciales|D|
PCBOL_BASE|GASTOS|X|||74309|Obligaciones tributarias|D|
PCBOL_BASE|GASTOS|X|||74701|Otros gastos financieros|D|
PCBOL_BASE|GASTOS|X|||7470101|Primas por opciones|D|
PCBOL_BASE|GASTOS|X|||7470102|Gastos financieros en medición a valor descontado|D|
PCBOL_BASE|GASTOS|X|||75|VALUACIÓN Y DETERIORO DE ACTIVOS Y PROVISIONES|D|
PCBOL_BASE|GASTOS|X|||751|Depreciación|D|
PCBOL_BASE|GASTOS|X|||75101|Depreciación de inversiones inmobiliarias|D|
PCBOL_BASE|GASTOS|X|||7510101|Edificaciones Costo|D|
PCBOL_BASE|GASTOS|X|||7510102|Edificaciones - Revaluación|D|
PCBOL_BASE|GASTOS|X|||7510103|Edificaciones - Costo de financiación|D|
PCBOL_BASE|GASTOS|X|||752|Depreciación de activos adquiridos en arrendamiento financiero inversiones inmobiliarias|D|
PCBOL_BASE|GASTOS|X|||75201|Edificaciones|D|
PCBOL_BASE|GASTOS|X|||75202|Maquinarias y equipos de explotación|D|
PCBOL_BASE|GASTOS|X|||75203|Equipo de transporte|D|
PCBOL_BASE|GASTOS|X|||753|Depreciación de inmuebles, maquinaria y equipo - Costo|D|
PCBOL_BASE|GASTOS|X|||75301|Edificaciones|D|
PCBOL_BASE|GASTOS|X|||75302|Maquinarias y equipos de explotación|D|
PCBOL_BASE|GASTOS|X|||75303|Equipo de transporte|D|
PCBOL_BASE|GASTOS|X|||75304|Muebles y enseres|D|
PCBOL_BASE|GASTOS|X|||75305|Equipos diversos|D|
PCBOL_BASE|GASTOS|X|||754|Depreciación de inmuebles, maquinaria y equipo - Revaluación|D|
PCBOL_BASE|GASTOS|X|||75401|Edificaciones|D|
PCBOL_BASE|GASTOS|X|||75402|Maquinarias y equipos de explotación|D|
PCBOL_BASE|GASTOS|X|||75403|Equipo de transporte|D|
PCBOL_BASE|GASTOS|X|||75404|Muebles y enseres|D|
PCBOL_BASE|GASTOS|X|||75405|Equipos diversos|D|
PCBOL_BASE|GASTOS|X|||755|Depreciación de inmuebles, maquinaria y equipo - Costos de financiación|D|
PCBOL_BASE|GASTOS|X|||75501|Edificaciones|D|
PCBOL_BASE|GASTOS|X|||756|Amortización de intangibles|D|
PCBOL_BASE|GASTOS|X|||75601|Amortización de intangibles adquiridos - Costo|D|
PCBOL_BASE|GASTOS|X|||7560101|Crédito Mercantil|D|
PCBOL_BASE|GASTOS|X|||7560102|Marcas de fábrica|D|
PCBOL_BASE|GASTOS|X|||7560103|Programas de computadora (software)|D|
PCBOL_BASE|GASTOS|X|||75602|Amortización de intangibles adquiridos - Revaluación|D|
PCBOL_BASE|GASTOS|X|||7560201|Crédito Mercantil|D|
PCBOL_BASE|GASTOS|X|||7560202|Marcas de fábrica|D|
PCBOL_BASE|GASTOS|X|||7560203|Programas de computadora (software)|D|
PCBOL_BASE|GASTOS|X|||757|Valuación de activos|D|
PCBOL_BASE|GASTOS|X|||75701|Estimación de cuentas de cobranza dudosa|D|
PCBOL_BASE|GASTOS|X|||75702|Desvalorización de existencias|D|
PCBOL_BASE|GASTOS|X|||75703|Desvalorización de inversiones mobiliarias|D|
PCBOL_BASE|GASTOS|X|||758|Deterioro del valor de los activos|D|
PCBOL_BASE|GASTOS|X|||75801|Desvalorización de inversiones inmobiliarias|D|
PCBOL_BASE|GASTOS|X|||7580101|Edificaciones|D|
PCBOL_BASE|GASTOS|X|||75802|Desvalorización de inmuebles maquinaria y equipo|D|
PCBOL_BASE|GASTOS|X|||7580201|Edificaciones|D|
PCBOL_BASE|GASTOS|X|||7580202|Maquinarias y equipos de explotación|D|
PCBOL_BASE|GASTOS|X|||7580203|Equipo de transporte|D|
PCBOL_BASE|GASTOS|X|||7580204|Muebles y enseres|D|
PCBOL_BASE|GASTOS|X|||7580205|Equipos diversos|D|
PCBOL_BASE|GASTOS|X|||7580206|Herramientas y unidades de reemplazo|D|
PCBOL_BASE|GASTOS|X|||759|Provisiones|D|
PCBOL_BASE|GASTOS|X|||75901|Provisión para litigios|D|
PCBOL_BASE|GASTOS|X|||7590101|Provisión para litigios - Costo|D|
PCBOL_BASE|GASTOS|X|||7590102|Provisión para litigios - Actualización financiera|D|
PCBOL_BASE|GASTOS|X|||75902|Provisión por desmantelamiento, retiro o rehabilitación del inmovilizado|D|
PCBOL_BASE|GASTOS|X|||7590201|Provisión por desmantelamiento, retiro o rehabilitación del inmovilizado - Costo|D|
PCBOL_BASE|GASTOS|X|||732|Otros|D|
PCBOL_BASE|GASTOS|X|||773201|PERDIDA EN VTA. DE BIENES DE USO|D|
PCBOL_BASE|GASTOS|X|||773202|DIFERENCIAS DE CAMBIO (Saldo deudor)|D|
PCBOL_BASE|GASTOS|X|||773203|PÉRDIDA POR SINIESTROS|D|
PCBOL_BASE|GASTOS|X|||773204|RESULTADOS POR EXPOSICION A LA INFLACION (saldo deudor)|D|
PCBOL_BASE|GASTOS|X|||773205|AJUSTE POR INFLACIÓN Y TENENCIA DE BIENES (saldo deudor)|D|
PCBOL_BASE|GASTOS|X|||773206|MANTENIMIENTO DE VALOR (saldo deudor)|D|
|||||||D|
